,CreditScore,Gender,Age,Tenure,Balance,NumOfProducts,HasCrCard,IsActiveMember,EstimatedSalary
6252,596,1,32,3,96709.07,2,0,0,41788.37
4684,623,1,43,1,0.0,2,1,1,146379.3
1731,601,0,44,4,0.0,2,1,0,58561.31
4742,506,1,59,8,119152.1,2,1,1,170679.74
4521,560,0,27,7,124995.98,1,1,1,114669.79
6340,790,1,37,8,0.0,2,1,1,149418.41
576,439,0,32,3,138901.61,1,1,0,75685.97
5202,597,0,22,6,101528.61,1,1,0,70529.0
6363,678,0,40,4,113794.22,1,1,0,16618.76
439,464,0,42,3,85679.25,1,1,1,164104.74
2750,481,0,57,9,0.0,3,1,1,169719.35
7487,651,0,56,4,0.0,1,0,0,84383.22
5272,850,1,47,6,0.0,1,1,0,187391.02
5653,687,0,41,2,154007.21,1,1,0,158408.23
3999,696,1,19,1,110928.51,1,1,1,2766.63
6033,612,0,36,5,119799.27,2,1,0,159416.58
582,586,0,57,3,0.0,2,0,1,6057.81
9930,425,1,40,9,166776.6,2,0,1,172646.88
7051,643,1,43,1,0.0,2,1,1,145764.4
8158,641,0,37,2,0.0,2,1,0,3939.87
9896,795,0,40,2,101891.1,1,1,1,183044.86
2249,762,1,35,9,0.0,2,1,1,43075.7
4640,687,0,44,9,0.0,2,0,0,103042.2
9485,850,1,37,4,88141.1,1,1,0,109659.12
4947,753,0,62,6,0.0,2,1,1,136398.9
9920,678,0,49,3,204510.94,1,0,1,738.88
1963,578,1,34,8,147487.23,2,1,0,66680.77
8243,825,1,29,3,148874.01,2,0,1,71192.82
6590,696,0,30,0,0.0,2,1,1,9002.8
8847,457,1,40,10,134320.23,2,1,0,150757.35
321,680,0,30,8,141441.75,1,1,1,16278.97
2678,819,0,38,10,0.0,2,1,0,30498.7
4625,510,0,45,10,103821.47,2,0,1,77878.62
4949,567,1,36,1,0.0,2,0,0,8555.73
8328,638,1,34,5,146679.77,1,1,0,102179.86
3337,579,1,56,4,99340.83,1,0,0,4523.74
5589,715,0,37,9,105489.31,1,0,0,143096.49
251,587,0,34,1,0.0,2,1,1,97932.68
3973,711,1,38,3,128718.78,1,0,0,114793.45
6630,741,0,36,3,0.0,2,1,1,89804.83
5547,688,1,38,7,148045.68,1,1,0,175479.92
35,475,0,45,0,134264.04,1,1,0,27822.99
8362,567,1,36,7,0.0,2,0,1,3896.08
1513,440,1,42,2,0.0,2,1,0,49826.68
9317,741,1,42,6,106036.52,1,1,0,194686.78
39,582,1,41,6,70349.48,2,0,1,178074.04
4819,613,1,26,4,100446.57,1,0,1,149653.81
3465,692,0,43,2,69014.49,2,0,0,164621.43
1760,521,1,38,5,110641.18,1,0,1,136507.69
2304,759,0,35,7,147936.42,1,1,1,106785.7
3723,715,1,42,2,88120.97,2,1,1,21333.22
8284,711,0,39,3,152462.79,1,1,0,90305.97
4993,554,0,44,6,92436.86,1,1,0,126033.9
8127,651,1,35,8,110067.71,1,1,0,127678.95
3032,495,0,45,3,89158.94,3,1,0,135169.76
7938,805,1,39,2,0.0,1,0,0,166650.32
3039,829,0,26,8,101440.36,2,1,1,19324.5
9655,583,0,40,4,55776.39,2,1,0,26920.43
2545,686,0,43,0,0.0,1,1,1,170072.9
2592,505,1,40,6,47869.69,2,1,1,155061.97
1188,528,1,30,2,128262.72,2,1,0,50771.16
7966,677,0,34,4,0.0,2,1,1,6175.53
6077,660,0,37,2,133200.09,1,0,0,71433.88
107,785,0,36,2,99806.85,1,0,1,36976.52
1315,607,0,27,5,100912.19,1,0,0,7631.27
8187,603,0,39,5,162390.52,2,1,0,54702.66
2753,480,0,28,6,0.0,2,0,0,48131.92
9753,656,1,68,7,153545.11,1,1,1,186574.68
6231,631,1,48,1,106396.48,1,1,1,150661.42
2876,604,0,35,7,147285.52,1,1,1,57807.05
5323,622,1,32,5,179305.09,1,1,1,149043.78
799,601,0,42,9,133636.16,1,0,1,103315.74
3570,674,1,46,2,174701.05,1,1,0,90189.72
2894,531,1,31,3,0.0,1,1,1,42589.33
2927,632,1,32,6,111589.33,1,1,1,170382.99
8178,707,0,46,7,127476.73,2,1,1,146011.55
971,723,1,25,3,0.0,2,1,1,134509.47
6687,795,1,38,7,125903.22,2,1,1,127068.92
8575,585,1,45,0,0.0,2,0,0,189683.7
2020,627,0,30,6,57809.32,1,1,0,188258.49
9054,546,0,30,5,0.0,2,0,1,198543.09
952,571,0,66,9,111577.01,1,0,1,189271.9
5359,684,1,42,1,117691.0,1,1,1,23135.65
3857,636,0,45,7,139859.23,1,1,1,108402.54
5861,562,1,48,3,92347.96,1,1,1,163116.75
3145,482,0,48,2,69329.47,1,0,0,102640.52
3305,786,0,62,8,0.0,1,1,1,165702.64
3006,747,0,45,1,114959.12,1,1,0,189362.39
9001,688,1,32,6,124179.3,1,1,1,138759.15
7770,699,1,29,3,125689.29,1,1,1,151623.71
7438,528,0,32,4,85615.66,2,1,0,156192.43
7942,542,0,42,1,0.0,1,1,1,178256.58
9238,773,0,50,4,0.0,2,1,0,129372.94
1056,675,1,33,3,0.0,2,1,0,45348.08
3154,652,1,51,7,0.0,2,0,1,43496.36
3787,638,1,27,4,135096.05,1,1,1,186523.72
9189,607,1,32,9,144272.07,2,1,0,176580.63
7825,594,0,23,4,104753.84,2,1,0,56756.52
7539,755,1,42,2,119919.12,1,1,0,156868.21
7231,555,1,40,10,139930.18,1,1,1,105720.09
764,710,1,43,2,140080.32,3,1,1,157908.19
5019,823,0,53,4,124954.94,1,0,1,131259.6
4903,694,1,42,3,156864.2,2,0,0,88890.75
8093,584,1,47,5,0.0,2,1,0,89286.29
6843,740,1,33,1,129574.98,1,1,1,123300.38
2165,511,1,33,7,0.0,2,0,1,158313.87
1862,481,1,44,9,175303.06,1,1,0,65500.53
7850,488,0,36,0,0.0,2,1,0,136675.22
9123,718,1,33,7,102874.28,1,0,0,117841.06
2340,523,1,41,0,119276.31,1,0,0,122284.38
5527,698,1,38,2,130015.24,1,1,1,41595.3
6743,555,0,51,9,138214.5,1,1,0,198715.27
4003,750,0,26,1,151510.17,2,1,1,19921.72
1123,779,1,33,1,158456.76,1,1,1,197000.92
8709,529,1,39,6,102025.08,2,1,0,12351.01
4049,618,1,33,4,0.0,2,1,1,77550.18
7640,790,0,34,2,164011.48,1,1,0,199420.41
765,710,0,27,2,135277.96,1,1,0,142200.15
2344,714,0,49,4,93059.34,1,1,0,7571.51
4071,850,0,54,4,120952.74,1,1,0,66963.15
7216,679,1,41,8,147726.98,3,1,0,172749.4
4216,794,1,56,9,96951.21,1,1,1,71776.76
7952,746,0,33,2,107868.14,2,1,1,146192.4
5970,470,1,35,1,96473.59,1,0,0,5962.3
3350,670,1,35,2,124268.64,2,0,1,84321.03
4695,669,1,37,1,125529.55,1,1,1,162260.93
3399,628,0,31,6,175443.75,1,1,0,113167.17
4081,721,1,33,5,0.0,2,0,1,117626.9
9149,597,0,43,7,119127.46,2,1,0,55809.92
1224,500,0,47,8,128486.11,1,1,0,179227.12
6292,494,0,33,1,137853.0,1,0,1,90273.85
3122,676,1,29,4,140720.93,1,1,0,36221.18
510,524,0,31,10,67238.98,2,1,1,161811.23
5794,669,1,57,5,0.0,2,1,1,56875.76
8181,598,1,28,8,129991.76,2,0,1,46041.08
9417,577,0,33,6,0.0,2,1,0,57975.8
96,773,1,41,9,102827.44,1,0,1,64595.25
6681,602,1,31,7,155271.83,1,1,1,179446.31
1512,656,1,39,10,0.0,2,1,1,98894.64
8791,725,0,25,9,0.0,2,1,1,168607.74
119,699,1,34,4,185173.81,2,1,0,120834.48
7791,584,0,31,6,152622.34,1,1,0,99298.8
6517,628,0,51,9,155903.82,2,1,1,71159.84
33,520,0,42,6,0.0,2,1,1,34410.55
7887,716,0,30,2,205770.78,2,0,0,65464.66
6830,765,1,43,9,157960.49,2,0,0,136602.8
5421,589,0,39,7,0.0,2,0,0,95985.64
1068,594,1,57,6,0.0,1,1,0,19376.56
1347,521,1,37,2,0.0,2,1,1,86372.24
4747,663,1,64,6,0.0,2,0,1,15876.52
6005,636,0,24,9,0.0,2,0,1,38830.72
6039,597,1,26,5,0.0,2,0,1,95159.13
3817,682,0,29,6,101012.77,1,0,0,32589.89
8446,691,0,33,6,0.0,2,1,0,164074.89
5269,680,1,34,6,146422.22,1,1,0,67142.97
6897,492,0,48,6,127253.98,1,1,1,92144.09
5309,684,0,36,5,174180.39,1,1,0,119830.08
31,533,1,36,7,85311.7,1,0,1,156731.91
5674,540,1,28,8,0.0,2,0,0,197588.32
4386,783,0,42,2,139707.28,1,1,0,2150.22
29,411,1,29,0,59697.17,2,1,1,53483.21
4202,526,1,30,9,0.0,2,0,0,100995.68
7507,576,1,44,9,119530.52,1,1,0,119056.68
735,497,1,47,6,0.0,1,1,1,90055.08
2067,744,1,31,9,120718.28,1,1,1,58961.49
106,582,1,32,1,88938.62,1,1,1,10054.53
9644,452,0,35,8,0.0,2,1,1,149614.81
8894,485,0,39,2,75339.64,1,1,1,70665.16
8020,850,0,46,2,157866.77,1,1,1,18986.12
2232,649,1,36,8,0.0,2,1,0,161668.15
993,661,0,28,7,95357.49,1,0,0,102297.15
9412,725,1,26,6,98684.15,1,0,0,133720.57
7058,624,0,71,4,170252.05,3,1,1,73679.59
6789,668,1,46,0,0.0,2,0,0,29388.02
360,706,1,28,3,0.0,2,0,1,181543.67
304,553,1,33,4,118082.89,1,0,0,94440.45
2627,571,1,25,6,82506.72,2,1,0,167705.07
8965,477,0,58,8,145984.92,1,1,1,24564.7
4513,696,0,41,8,0.0,2,0,0,28276.83
5910,481,0,39,6,0.0,1,1,1,24677.54
8313,639,1,38,3,0.0,1,1,0,42862.82
3100,810,1,35,3,96814.46,2,1,1,120511.03
5703,516,0,42,8,56228.25,1,1,0,46857.52
3898,662,1,59,2,104568.41,1,1,0,8059.44
5440,690,1,43,2,166522.78,1,0,0,119644.59
7930,500,1,38,7,0.0,2,0,0,192013.23
621,656,0,40,10,167878.5,1,0,1,151887.16
7235,697,1,35,5,133087.76,1,1,0,64771.61
2498,718,1,37,8,0.0,2,1,1,142.81
713,501,0,41,3,144260.5,1,1,0,172114.67
8403,844,0,28,4,0.0,2,0,1,123318.37
2855,710,0,75,5,0.0,2,1,1,9376.89
4269,748,1,44,4,112610.77,1,0,1,2048.55
2908,494,1,69,9,93320.8,1,1,1,24489.44
8080,757,1,47,3,130747.1,1,1,0,143829.54
4516,497,0,32,8,111537.23,4,1,1,9497.99
1261,744,1,38,6,73023.17,2,1,0,78770.86
3160,591,1,28,5,0.0,2,1,1,48606.92
970,638,0,48,10,138333.03,1,1,1,47679.14
3912,581,1,46,2,79385.21,2,0,0,188492.82
5198,604,1,40,1,84315.02,1,0,0,36209.1
8846,571,0,53,2,0.0,2,1,0,28045.77
259,850,1,38,3,54901.01,1,1,1,140075.55
3790,596,0,54,0,78126.28,1,1,1,153482.91
9202,528,1,31,9,120962.59,1,1,0,5419.31
487,542,1,39,3,135096.77,1,1,1,14353.43
7907,683,0,39,2,47685.47,2,1,1,86019.48
518,698,1,48,4,101238.24,2,0,1,177815.87
8342,655,0,34,3,0.0,2,1,0,159638.77
311,729,1,30,6,63669.42,1,1,0,145111.37
3231,646,1,36,6,124445.52,1,1,0,88481.32
7932,850,1,40,8,102800.65,1,1,0,60811.56
7457,665,0,43,2,116322.27,4,1,0,35640.12
9783,601,0,49,4,96252.98,2,1,0,104263.82
5183,694,1,38,1,0.0,2,0,1,156858.2
8076,732,0,36,9,0.0,1,0,0,3749.0
6501,679,1,30,9,0.0,2,1,0,157871.55
6790,487,0,40,6,136093.74,1,0,1,193408.43
7772,792,0,50,4,146710.76,1,1,0,16528.4
2737,472,1,31,4,58662.92,2,0,1,73322.0
7841,706,0,46,7,111288.18,1,1,1,149170.25
6261,708,0,35,8,122570.69,1,0,0,199005.88
8205,477,0,39,4,182491.57,1,1,0,185830.72
1247,512,1,24,6,0.0,2,1,0,37654.31
9335,737,1,50,4,127552.85,2,1,0,4225.11
4194,572,0,54,9,97382.53,1,1,1,195771.95
8000,747,1,36,8,102603.3,2,1,1,180693.61
7377,691,0,40,0,115465.98,1,1,1,60622.61
3434,692,1,66,4,159732.02,1,1,1,118188.15
5381,850,1,32,9,141827.33,2,1,1,149458.73
958,531,1,27,8,132576.25,1,0,0,7222.92
416,487,0,61,5,110368.03,1,0,0,11384.45
5741,709,1,42,9,118546.71,1,0,1,77142.85
6727,745,0,36,9,0.0,1,1,0,19605.18
4381,492,1,39,7,0.0,2,0,1,71323.23
5196,719,0,22,7,114415.84,1,1,1,177497.4
1112,690,0,42,3,92578.14,2,0,0,70810.6
2688,558,1,32,4,108235.91,1,1,1,143783.28
6472,651,0,34,10,148962.46,1,1,0,66389.43
8819,592,1,36,10,123187.51,1,0,1,146111.35
7807,608,1,34,3,106288.54,1,1,1,36639.25
3410,430,1,36,1,138992.48,2,0,0,122373.42
80,665,0,34,1,96645.54,2,0,0,171413.66
4613,745,0,46,7,0.0,2,1,1,67769.94
1373,528,0,46,9,135555.66,1,1,0,133146.03
1509,528,1,37,6,103772.45,1,1,0,197111.99
6442,491,1,33,5,83134.3,1,1,0,187946.55
3070,674,1,32,2,0.0,2,1,0,140579.17
3015,674,1,43,8,85957.88,2,1,0,8757.39
4822,745,0,32,2,0.0,4,0,1,179705.13
7821,777,0,28,2,134571.5,1,0,1,118313.38
92,524,0,36,10,0.0,2,1,0,109614.57
9420,657,0,28,7,0.0,2,0,1,5177.62
6599,850,1,49,6,128663.9,1,1,0,65769.3
4442,676,1,38,1,0.0,2,0,1,35644.79
7601,828,1,31,9,0.0,1,0,1,164257.37
3834,734,0,39,6,92126.26,2,0,0,112973.34
9701,678,1,38,3,124483.53,1,1,0,126253.31
4321,651,1,34,4,91562.99,1,1,1,123954.15
3393,710,1,30,6,0.0,2,1,1,8991.17
4751,661,0,64,8,128751.65,2,1,0,189398.18
7228,539,0,47,2,127286.04,2,1,1,166929.43
9190,646,0,46,8,0.0,2,1,0,133059.15
2360,518,0,41,5,110624.99,1,1,0,89327.67
1147,593,0,29,5,101713.84,3,1,0,134594.99
5665,559,1,33,9,111060.05,2,1,0,110371.84
8074,817,0,27,7,129810.6,1,1,1,59259.44
4942,592,1,36,1,126477.42,1,0,0,179718.17
3662,632,0,28,5,118890.81,1,0,1,145157.97
1562,694,1,31,6,109052.59,2,1,1,19448.93
4112,700,0,30,9,0.0,1,1,1,174971.64
9049,629,0,33,6,0.0,2,1,1,59129.72
9275,427,1,42,1,75681.52,1,1,1,57098.0
8537,801,0,46,6,0.0,2,1,1,170008.74
794,654,1,29,1,0.0,1,1,0,180345.44
5853,596,1,40,5,62389.03,3,1,0,148623.43
7618,578,0,40,7,0.0,2,0,0,102233.73
1593,591,1,36,7,135216.8,1,1,1,122022.89
7417,730,0,37,5,124053.03,1,1,0,118591.67
5266,811,1,31,7,117799.28,1,1,1,182372.35
7146,749,1,41,5,57568.94,1,1,1,61128.29
88,646,0,46,4,0.0,3,1,0,93251.42
8694,671,0,48,9,116711.06,2,0,0,76373.38
9731,607,1,29,7,102609.0,1,1,0,163257.44
9445,689,0,28,5,95328.6,1,1,0,6129.61
6753,661,1,38,7,143006.7,1,1,1,15650.89
3501,646,0,30,10,100548.67,2,0,0,136983.77
2233,565,1,38,0,122447.76,1,0,0,67339.34
2802,774,1,53,4,113709.28,1,1,1,153887.93
4423,785,0,40,3,0.0,2,1,1,96832.82
5662,703,0,40,7,0.0,2,0,1,122518.5
7169,490,1,34,5,122952.9,2,0,0,154360.97
8336,786,0,33,0,122325.58,1,0,0,34712.34
2147,665,1,33,2,101286.11,1,1,1,159840.51
7968,592,1,45,8,84692.5,1,0,1,67214.02
6550,637,0,39,3,109698.41,1,1,1,88391.29
7642,811,1,40,1,101514.89,1,1,1,121765.0
6163,488,0,28,7,139246.22,2,1,0,106799.49
1494,449,1,52,6,0.0,2,0,1,123622.0
7695,723,0,47,10,90450.0,2,0,0,103379.31
7093,606,0,41,4,132670.53,1,1,0,156476.36
1408,707,1,32,9,0.0,2,0,0,30807.02
6690,573,1,30,8,127406.5,1,1,0,192950.6
3400,676,1,31,3,78990.15,1,1,1,124777.14
108,605,1,33,5,150092.8,1,0,0,71862.79
5635,568,0,27,1,116320.68,1,0,1,45563.94
8481,729,0,38,10,0.0,2,1,0,189727.12
6603,554,0,35,10,74988.59,2,0,1,190155.13
1090,539,0,34,4,91622.42,1,1,1,136603.42
5559,850,1,36,5,119984.07,1,1,0,191535.11
9411,689,0,40,4,78119.59,4,1,0,119259.34
8142,615,1,41,4,130385.82,1,0,1,130661.95
8663,539,1,39,1,0.0,1,1,1,28184.7
6595,601,1,24,7,0.0,2,0,0,144660.42
623,678,1,36,3,145747.67,2,0,1,89566.74
6870,850,0,36,0,136980.23,2,1,1,99019.65
4813,517,1,39,3,0.0,2,0,1,12465.51
6552,793,0,34,5,127758.09,1,1,0,143357.03
7529,579,0,33,1,118392.75,1,1,1,157564.75
5795,709,1,39,8,0.0,2,1,0,56214.09
7436,646,0,57,6,90212.0,1,1,0,13911.27
4217,587,1,35,5,121863.61,1,1,1,23481.69
5940,849,0,41,6,0.0,2,1,1,169203.51
8500,660,1,37,2,97324.91,1,1,0,23291.83
6428,627,0,39,5,124586.93,1,1,0,93132.61
6826,547,0,51,1,0.0,2,1,1,56908.41
4130,554,1,39,2,129709.62,1,1,0,173197.12
7801,678,1,54,7,128914.97,1,0,0,191746.23
7753,605,1,28,10,113690.83,1,1,0,33114.24
4721,757,0,44,4,123322.15,1,1,0,137136.29
1650,625,1,34,6,0.0,2,0,0,197283.2
4140,841,0,33,7,154969.79,2,1,1,99505.75
1617,557,0,40,4,0.0,2,0,1,105433.53
2029,520,1,33,4,156297.58,2,1,1,166102.61
8517,688,1,20,8,137624.4,2,1,1,197582.79
4575,833,1,29,1,96462.25,2,0,1,48986.18
3992,730,1,38,0,38848.19,2,0,0,94003.11
7376,704,1,23,6,166594.78,1,1,1,155823.2
6149,643,1,34,6,0.0,2,1,1,116046.22
4908,540,1,48,2,109349.29,1,1,0,88703.04
5026,626,1,44,10,0.0,2,0,0,164287.86
8260,640,0,30,5,32197.64,1,0,1,141446.01
4731,705,0,35,3,0.0,2,0,1,66331.01
7548,584,0,62,9,137727.34,2,0,1,121102.9
8134,577,1,41,6,0.0,1,1,1,167621.18
1606,566,0,40,2,97001.36,2,1,0,154486.01
4773,646,0,35,1,121952.75,2,1,1,142839.82
8109,661,0,34,0,0.0,2,1,0,185555.63
6951,658,1,42,8,102870.93,1,0,1,103764.55
6004,521,0,22,10,0.0,1,1,1,101311.95
7728,616,0,31,8,0.0,1,0,1,76456.17
3541,838,0,67,4,103267.8,1,1,1,78310.04
388,709,0,45,2,0.0,2,0,1,162922.65
1794,823,1,38,1,0.0,2,1,0,156603.7
8731,727,0,41,10,0.0,2,0,1,47468.56
4919,682,0,50,10,128039.01,1,1,1,102260.16
5537,527,0,41,10,136733.24,1,1,1,57589.29
3872,605,1,39,6,111169.91,1,0,0,9641.4
8868,649,0,38,8,0.0,1,1,0,103760.53
2254,679,1,36,6,147733.64,1,0,1,172501.38
3412,582,1,26,6,114450.32,1,1,1,14081.64
5459,530,0,36,7,0.0,2,1,0,80619.09
4955,775,1,33,3,83501.66,2,1,0,128841.31
7396,603,0,56,5,90778.76,2,1,0,162223.67
5414,495,0,40,1,140197.71,2,1,0,150720.39
7399,668,0,37,7,128645.67,1,1,0,92149.64
7414,737,0,45,2,99169.67,2,1,1,78650.95
9100,659,1,35,6,0.0,2,1,1,58879.11
4851,530,0,48,0,0.0,1,1,0,85081.09
2025,634,1,45,9,0.0,2,0,0,17622.82
2615,486,1,63,9,97009.15,1,1,1,85101.0
7388,836,0,29,9,133681.78,1,1,1,153747.73
2926,510,1,63,8,0.0,2,1,1,115291.86
1121,809,0,24,4,0.0,2,1,0,193518.76
2910,596,1,33,2,139451.67,1,0,0,63142.12
8146,717,1,48,7,123764.95,1,1,1,169952.82
7383,737,0,39,7,130051.66,2,0,0,55356.39
3482,543,1,37,3,0.0,2,1,1,78915.68
795,761,1,36,8,108239.11,2,0,0,99444.02
1575,545,1,23,2,0.0,2,1,0,189613.12
6176,608,0,38,8,103653.51,2,1,1,137079.86
6266,537,0,33,7,136082.0,1,1,0,62746.54
2458,513,1,88,10,0.0,2,1,1,52952.24
3312,664,0,31,7,104158.84,1,1,0,134169.85
1253,499,0,55,4,126817.65,2,1,0,123269.71
6834,703,1,50,8,160139.59,2,1,1,79314.1
8794,706,0,29,1,209490.21,1,1,1,133267.69
3837,598,0,23,6,0.0,2,1,0,153229.19
4398,743,0,39,8,0.0,1,1,0,94263.44
3595,722,0,32,5,106807.64,1,1,1,76998.69
6621,646,1,50,0,104129.24,2,1,0,181794.86
8382,599,1,25,3,0.0,2,1,1,120790.02
2124,704,1,32,7,127785.17,4,0,0,184464.7
3238,675,1,54,6,0.0,1,1,0,110273.84
5403,590,1,22,7,125265.61,1,1,1,161253.08
5998,644,1,28,0,0.0,2,1,0,119419.37
5938,850,1,38,7,115378.94,1,0,1,162087.82
2045,668,0,31,9,0.0,2,0,0,41291.73
1578,715,1,28,7,160376.61,1,0,0,196853.11
14,635,0,35,7,0.0,2,1,1,65951.65
2673,601,1,50,2,115625.07,1,1,0,185855.21
7016,741,1,50,1,78737.61,1,1,1,13018.96
8720,711,0,28,8,0.0,2,0,0,105159.89
8849,664,0,38,4,74306.19,2,1,0,154395.56
4812,672,1,31,6,91125.75,1,1,0,177295.92
1084,796,1,24,8,0.0,2,1,0,61349.37
4983,543,1,30,4,140916.81,1,1,0,157711.18
7155,515,1,45,7,120961.5,3,1,1,39288.11
2884,620,0,29,3,0.0,2,0,1,153392.28
333,584,0,30,8,112013.81,1,1,0,177772.03
7204,686,1,39,10,136258.06,1,0,0,89199.51
4367,573,1,50,0,159304.07,1,0,1,155915.24
3079,757,0,34,1,129398.01,2,0,0,44965.44
7203,657,1,33,1,84309.57,2,0,0,103914.4
9909,739,1,58,2,101579.28,1,1,1,72168.53
8864,832,0,29,5,0.0,2,1,0,178779.52
263,682,0,26,0,110654.02,1,0,1,111879.21
4337,850,1,38,5,0.0,2,1,0,16491.64
8895,699,0,40,8,122038.34,1,1,0,102085.35
8447,765,0,33,5,84557.82,1,1,1,69039.43
5903,570,0,29,4,153040.03,1,1,1,131363.57
1498,595,0,25,7,106570.34,2,0,1,177025.79
4190,850,0,31,3,121237.65,1,1,1,31022.56
7485,561,1,32,5,0.0,2,1,0,84871.99
9643,521,0,41,2,0.0,2,1,1,113089.43
8310,702,1,43,6,116121.67,1,1,0,61602.42
7590,619,0,42,8,132796.04,3,1,1,191821.35
500,555,1,32,4,0.0,2,1,1,54405.79
9155,579,0,39,2,151963.26,2,1,0,158948.63
9414,544,0,53,9,0.0,1,1,0,125692.07
3095,792,1,19,7,143390.51,1,1,0,33282.84
4631,659,0,30,8,154159.51,1,1,0,40441.1
367,460,0,35,8,102742.91,2,1,1,189339.6
4058,557,1,39,8,146200.01,1,1,0,177944.64
8174,564,1,31,0,125175.58,1,1,1,72757.33
4630,489,1,38,2,126444.08,2,1,1,82662.73
6070,629,1,35,4,174588.8,2,0,1,158420.14
2664,586,1,29,3,0.0,2,1,1,142238.54
1026,628,1,33,6,0.0,2,0,0,184230.23
5908,749,0,46,9,66582.81,1,1,0,78753.12
5050,703,1,32,1,125685.79,1,1,1,56246.72
6328,790,0,41,7,109508.68,1,0,0,86776.38
9733,733,1,64,3,0.0,2,1,1,75272.63
1691,591,1,31,8,0.0,1,1,1,141677.33
673,640,0,32,6,118879.35,2,1,1,19131.71
5572,565,1,34,6,0.0,1,1,1,63173.64
5766,556,1,40,5,125909.85,1,1,1,95124.4
5156,555,1,33,5,127343.4,1,0,1,121789.3
733,738,1,43,9,121152.05,2,1,0,64166.7
3526,799,0,30,9,0.0,2,1,0,136827.96
568,737,1,31,5,121192.22,2,1,1,74890.58
9187,601,1,38,4,60013.81,1,1,1,38020.05
2922,685,1,34,6,83264.28,1,0,0,9663.28
7911,558,1,26,1,148853.29,2,1,1,24411.02
1558,571,0,35,1,104783.81,2,0,1,178512.52
101,623,0,44,6,0.0,2,0,0,167162.43
3007,602,1,33,5,164704.38,1,0,1,180716.1
7201,689,0,30,5,136650.89,1,1,1,41865.72
303,712,0,33,6,0.0,2,1,1,190686.16
76,664,1,55,8,0.0,2,1,1,139161.64
6754,627,0,28,3,157597.61,1,0,1,34097.22
8629,651,1,23,4,115636.05,2,1,0,70400.86
1208,697,0,47,6,128252.66,1,1,1,168053.4
7742,579,1,22,3,118680.57,1,1,1,49829.8
8214,836,0,32,4,109196.67,2,1,0,55218.02
8944,551,1,49,1,150777.72,2,1,1,135757.27
8413,749,1,36,7,0.0,2,0,0,80134.65
1775,549,0,38,8,107283.4,1,0,0,157442.75
3473,682,0,42,0,0.0,1,0,1,91981.85
483,486,1,37,9,115217.99,2,1,0,144995.33
2189,480,1,35,2,165692.91,1,1,1,197984.58
346,630,0,34,9,106937.05,2,1,0,138275.01
5481,577,0,44,1,152086.15,1,0,1,44719.5
8361,690,0,35,9,107944.33,2,0,0,48478.47
1472,726,0,26,1,80780.16,1,1,1,19225.85
5100,572,0,26,5,0.0,2,1,0,119381.41
6765,461,0,40,7,0.0,2,1,0,176547.8
8706,850,0,55,7,0.0,1,0,0,171762.87
4929,561,1,34,1,78829.53,1,1,1,12148.2
6329,727,1,34,2,146407.11,1,1,1,72073.72
2609,682,0,46,2,0.0,1,1,1,114442.66
3,699,0,39,1,0.0,2,0,0,93826.63
2213,498,0,41,4,87541.06,2,1,1,12577.21
4827,636,1,52,4,111284.53,1,0,1,32936.44
856,567,0,49,5,134956.02,1,1,0,93953.84
6977,587,1,42,5,120233.83,1,1,0,194890.33
5885,602,0,29,3,88814.4,2,1,1,62487.97
624,477,0,48,2,129120.64,1,0,1,26475.79
290,703,1,42,9,63227.0,1,0,1,137316.32
2018,691,1,27,3,160358.68,2,1,0,142367.72
668,695,1,46,3,122549.64,1,1,1,56297.85
8921,472,0,37,1,0.0,2,1,1,48357.9
8264,742,1,33,6,0.0,2,0,0,38550.4
9696,550,1,32,8,97514.07,1,1,1,199138.84
1631,350,1,54,1,152677.48,1,1,1,191973.49
5170,814,0,31,4,0.0,2,1,1,142029.17
7205,683,0,29,9,0.0,2,1,1,48849.89
2522,558,1,35,1,0.0,2,0,0,111687.57
2215,493,1,36,9,0.0,2,1,1,65816.53
6968,510,0,50,7,123936.54,1,1,1,23768.01
6496,595,0,44,4,96553.52,2,1,0,143952.24
6213,590,1,36,6,92340.69,2,1,1,174667.58
7032,615,1,41,4,0.0,1,0,1,149278.96
7420,753,0,38,9,151766.71,1,1,1,180829.99
1107,420,0,34,1,135549.9,1,0,0,149471.13
450,494,0,38,7,174937.64,1,1,0,40084.32
6289,633,1,63,4,114552.6,1,1,0,73856.28
9966,479,1,35,4,125920.98,1,1,1,20393.44
135,589,0,50,5,144895.05,2,1,1,34941.23
1785,713,1,40,3,114446.84,2,1,1,87308.18
3404,573,0,23,2,0.0,1,1,0,122964.18
2906,802,1,41,6,0.0,2,1,0,47322.05
8304,675,1,69,1,0.0,2,1,0,157097.09
7492,682,1,28,10,200724.96,1,0,1,82872.64
6100,796,1,30,2,137262.71,2,1,0,62905.29
4504,761,1,37,7,132730.17,1,1,0,199293.01
5053,636,0,28,2,115265.14,1,0,0,191627.85
5205,756,1,28,8,179960.2,1,1,0,89938.08
4080,808,0,37,2,100431.84,1,1,0,35140.49
6918,597,1,24,0,108058.07,2,1,1,187826.11
6802,662,1,32,9,0.0,2,0,0,65089.38
5206,493,1,38,3,134006.77,1,1,0,89578.32
532,729,1,32,6,93694.42,1,1,1,79919.13
4830,660,1,30,4,0.0,2,1,0,129149.06
4038,469,0,31,6,0.0,1,1,0,146213.75
4084,693,0,39,4,0.0,2,0,1,142331.39
3204,547,1,50,3,81290.02,3,0,1,177747.03
7110,679,0,28,9,0.0,2,0,1,61761.77
330,656,1,50,7,0.0,2,0,1,72143.44
4957,752,1,39,3,0.0,1,1,0,188187.05
3033,787,0,85,10,0.0,2,1,1,116537.96
7684,615,1,41,1,126773.43,1,1,1,55551.26
1597,771,1,32,5,62321.62,1,1,1,40920.59
9919,688,1,26,0,0.0,2,1,0,105784.85
3597,796,0,40,1,99745.95,1,1,0,177524.19
9038,803,0,50,8,98173.02,1,0,0,22457.25
8001,707,1,32,9,0.0,2,1,0,126475.79
590,713,0,38,7,144606.22,1,1,1,56594.36
647,578,1,38,7,82259.29,1,1,0,8996.97
9102,445,0,61,2,137655.31,1,0,1,29909.84
8015,638,0,26,1,105249.76,2,1,1,23491.09
3771,477,1,34,8,139959.55,2,1,1,189875.83
9039,545,0,44,1,0.0,2,1,1,82614.89
5082,724,0,41,4,142880.28,3,0,0,185541.2
7882,850,0,45,1,121874.89,1,0,0,6865.41
9362,684,1,35,3,137179.39,1,1,1,37264.11
4210,437,1,28,2,109161.25,1,1,0,152987.42
8834,657,1,34,3,107136.6,1,1,0,153895.46
8699,841,1,32,2,117070.21,1,1,0,113482.2
1795,683,0,35,5,95698.79,1,0,1,182566.76
2586,691,1,50,6,136953.47,1,1,1,2704.98
8355,504,1,44,4,113522.64,1,1,1,12405.2
2316,649,0,50,5,155393.32,1,1,1,87351.42
4185,675,1,35,8,0.0,2,1,0,29062.25
8827,638,1,41,7,0.0,2,1,0,43889.41
7072,686,1,37,9,134560.62,1,1,0,27596.39
5234,678,0,41,1,143443.61,1,1,0,196622.28
8743,450,1,25,9,74237.2,2,0,1,195463.35
8670,705,0,55,8,0.0,2,1,1,14392.68
4768,599,0,31,3,0.0,1,1,1,130086.47
9972,758,1,26,4,155739.76,1,1,0,171552.02
7144,554,0,55,0,108477.27,1,0,1,140003.0
2913,787,0,40,6,0.0,2,1,1,84151.98
9871,633,0,34,3,123034.43,2,1,1,38315.04
9893,764,0,40,9,100480.53,1,1,0,124095.69
2075,710,1,45,9,108231.37,1,1,1,188574.08
4302,544,1,44,2,108895.93,1,0,0,69228.2
5822,624,1,35,2,0.0,2,1,0,87310.59
2149,836,1,57,4,101247.06,1,1,0,37141.62
144,691,0,31,5,40915.55,1,1,0,126213.84
4963,515,1,40,0,109542.29,1,1,1,166370.81
8159,461,0,25,6,0.0,2,1,1,15306.29
9030,577,1,51,2,108867.0,1,0,0,140800.66
4775,526,1,35,5,0.0,2,1,1,105618.14
8933,631,1,32,10,0.0,2,0,1,196342.66
7749,785,0,38,1,0.0,1,1,0,134964.85
9828,576,1,39,1,0.0,2,1,1,68814.23
9214,629,0,39,10,0.0,2,1,1,43174.49
6060,754,1,39,7,157691.98,2,1,0,133600.89
9475,616,1,46,2,0.0,2,1,0,137136.46
6409,683,0,33,9,0.0,2,1,1,38784.42
3317,779,1,71,3,0.0,2,1,1,146895.36
7464,768,1,37,9,108308.11,1,1,0,41788.25
3061,584,1,33,3,88311.48,2,1,1,177651.38
1355,734,1,39,6,0.0,1,1,1,95135.27
4514,669,0,38,8,0.0,2,1,0,84049.16
5505,534,0,53,7,0.0,2,1,1,80619.17
5250,462,0,24,9,69881.09,2,0,1,64421.02
4511,634,0,45,2,0.0,4,1,0,101039.53
1730,850,1,20,7,0.0,2,1,0,31288.77
1758,642,0,30,5,129753.69,1,1,0,582.53
6650,758,1,41,10,79857.64,1,1,1,78088.17
6646,685,0,42,2,0.0,2,0,0,199992.48
9860,775,0,30,10,191091.74,2,1,1,96170.38
4139,564,1,40,7,108407.34,1,1,1,83681.2
9393,670,1,43,9,111677.88,1,1,0,178827.3
5123,832,1,29,8,93833.86,1,0,1,10417.87
0,619,0,42,2,0.0,1,1,1,101348.88
1864,607,1,45,7,123859.6,1,0,1,113051.57
543,721,1,51,0,169312.13,1,1,0,109078.35
349,582,1,39,5,0.0,2,1,1,129892.93
6906,688,0,46,3,0.0,2,0,1,104902.68
9765,445,1,64,2,136770.67,1,0,1,43678.06
2523,756,0,24,1,0.0,2,1,0,184182.25
3464,697,0,37,7,168066.87,1,1,0,35450.53
457,711,1,38,3,0.0,2,1,0,68487.51
3023,618,1,39,2,91068.56,1,1,0,26578.69
7261,726,0,53,1,113537.73,1,0,1,28367.21
9515,639,1,38,9,130233.14,1,1,1,81861.1
7872,639,0,46,10,110031.09,2,1,1,133995.59
6625,657,0,41,6,112119.48,1,1,0,17536.82
2534,717,0,35,5,103214.71,1,1,0,172172.7
131,795,0,33,9,130862.43,1,1,1,114935.21
3704,604,0,34,7,0.0,2,1,0,193021.49
1372,489,1,38,8,0.0,2,0,1,196990.79
6200,850,0,31,3,51293.47,1,0,0,35534.68
4856,796,1,44,8,165326.2,1,1,1,57205.55
4712,474,1,54,3,0.0,1,1,0,108409.17
5544,507,1,42,6,0.0,2,1,0,34777.23
1413,503,1,30,10,136622.55,2,0,0,47310.24
4113,667,1,33,4,0.0,2,1,1,131834.75
655,498,1,25,8,121702.73,1,1,1,132210.49
8137,410,1,33,6,125789.69,1,0,0,66333.56
4098,637,1,32,5,0.0,1,0,0,148769.08
592,666,0,34,9,115897.12,1,1,1,25095.03
8708,778,0,48,3,102290.56,2,1,0,182691.31
3123,642,1,30,8,80964.57,2,1,0,174738.2
3047,784,1,48,7,0.0,2,1,1,182609.97
3887,653,0,46,5,0.0,2,1,0,49707.85
5735,585,0,44,4,0.0,2,0,1,101728.46
2184,652,0,40,1,0.0,2,1,0,126554.96
2145,633,1,33,4,137847.41,2,1,0,98349.13
7047,785,0,31,2,121691.54,2,0,0,81778.72
3105,678,0,28,4,0.0,2,1,1,144423.17
9233,543,0,31,4,138317.94,1,0,0,61843.73
9096,569,1,37,9,178755.84,1,1,0,199929.17
2769,580,0,38,1,128218.47,1,1,0,125953.83
5221,584,0,29,4,0.0,2,1,0,88866.92
5833,656,0,49,9,97092.87,1,1,0,74771.22
1732,735,1,49,5,121973.28,1,1,0,148804.36
265,531,0,36,9,99240.51,1,1,0,123137.01
5144,485,0,25,3,134467.26,1,1,1,113266.09
8267,654,1,38,8,0.0,2,1,0,88659.44
3937,761,0,26,1,0.0,2,1,1,199409.19
761,693,0,35,5,124151.09,1,1,0,88705.14
7220,718,1,40,9,0.0,2,0,0,121537.91
8439,670,1,22,2,114991.45,1,1,1,37392.56
3257,707,0,58,3,102346.86,1,1,1,114672.64
4338,714,1,25,2,0.0,1,1,1,132979.43
4362,571,0,22,3,108117.1,1,0,1,53328.7
316,559,1,49,2,147069.78,1,1,0,120540.83
8069,617,1,44,9,49157.09,2,1,0,53294.17
1851,799,0,52,4,161209.66,1,1,1,89081.41
2484,850,1,39,6,96863.13,1,1,1,121681.19
9873,724,0,33,9,119278.44,1,1,1,197148.24
9574,554,1,37,3,0.0,2,1,0,166177.3
1078,677,0,41,8,146720.98,2,1,1,4195.84
8358,675,0,40,8,79035.95,1,1,0,142783.98
7333,699,1,43,2,136487.86,2,1,0,82815.93
1071,695,1,52,8,103023.26,1,1,1,22485.64
103,528,1,36,7,0.0,2,1,0,60536.56
5748,645,0,45,8,85325.93,1,0,0,22558.74
1418,521,0,40,9,134504.78,1,1,0,18082.06
1658,748,1,44,2,92911.52,1,0,1,85495.24
5284,745,1,51,3,99183.9,1,1,1,28922.25
1149,655,1,38,4,0.0,2,0,0,110527.71
7150,699,0,32,4,110559.46,1,1,1,127429.56
1568,676,1,40,8,114005.78,1,1,1,67998.45
1087,498,0,31,10,0.0,2,1,0,13892.57
6085,482,1,45,7,156353.46,1,1,0,72643.95
8674,529,1,67,8,103101.56,2,1,1,154002.02
8341,516,0,31,3,0.0,2,1,0,124202.26
7811,611,1,30,2,104145.65,1,0,0,159629.64
6084,562,0,31,9,117153.0,1,1,1,108675.01
8773,617,1,34,9,0.0,2,1,0,118749.58
8757,678,0,44,2,98009.13,2,0,1,31384.86
1692,602,1,23,7,113758.48,2,0,0,84077.6
4734,590,0,54,4,0.0,2,1,1,93820.49
3387,537,1,84,8,92242.34,1,1,1,186235.98
3646,770,0,70,9,110738.89,1,1,0,22666.77
1683,711,1,52,5,0.0,1,1,1,159808.95
8,501,1,44,4,142051.07,2,0,1,74940.5
6062,718,1,32,8,0.0,2,1,1,41399.33
6516,607,0,32,7,0.0,3,0,1,10674.62
4123,652,0,38,1,103895.31,1,0,1,159649.44
8729,646,1,48,8,169023.33,2,1,1,175657.55
6045,549,0,37,1,130622.34,2,1,1,128499.94
567,687,0,63,1,137715.66,1,1,1,37938.74
9161,621,1,40,10,163823.37,1,0,0,89519.47
1803,577,0,26,1,180530.51,1,0,0,123454.62
8501,678,1,29,6,0.0,2,1,0,64443.75
4900,735,1,41,7,179904.0,1,1,1,137180.95
1599,670,0,42,1,115961.58,2,0,1,29483.87
7931,807,1,47,1,95120.59,1,0,0,127875.1
9547,626,0,34,3,0.0,2,1,1,37870.29
2823,668,0,59,5,120170.07,1,0,1,50454.8
5467,573,1,33,1,160777.9,1,1,1,149536.15
3529,623,0,24,5,0.0,2,1,0,116160.04
8683,697,0,49,7,195238.29,4,0,1,131083.56
1155,729,1,34,3,152303.8,1,1,0,12128.69
6547,656,0,30,4,74323.2,1,1,1,22929.08
9088,736,0,36,8,103914.17,1,1,1,110035.88
7620,579,0,27,9,0.0,2,1,0,126838.7
8296,692,0,34,7,0.0,2,1,0,195074.62
4540,586,1,32,1,149814.54,1,1,0,31830.06
9134,481,1,40,3,0.0,1,1,1,32319.93
6482,850,1,32,4,156001.68,2,1,1,151677.31
5826,509,0,29,0,107712.57,2,1,1,92898.17
1190,797,0,29,1,0.0,2,1,1,132975.39
7444,742,0,29,4,0.0,2,1,1,180066.59
8520,634,1,52,1,0.0,2,1,1,176913.42
960,850,0,31,1,108822.4,1,1,1,132173.31
7454,732,1,46,0,0.0,2,1,1,184350.78
36,490,1,31,3,145260.23,1,0,1,114066.77
7516,644,1,40,8,93183.19,1,1,0,73882.49
7644,675,1,28,9,0.0,1,1,0,134110.93
4438,672,1,68,0,126061.51,2,1,1,184936.77
6161,579,1,38,8,0.0,2,0,0,91763.67
7744,739,0,36,0,0.0,2,0,0,133465.57
9587,719,0,76,10,95052.29,1,1,0,176244.87
8119,704,1,31,5,132084.66,3,1,1,54474.48
6967,466,1,26,9,105522.06,1,1,0,10842.46
5718,648,0,37,7,0.0,2,1,0,194238.92
577,755,1,30,4,123217.66,2,0,1,144183.1
9833,699,0,41,1,200117.76,2,1,0,94142.35
4102,662,1,33,3,0.0,2,0,1,68064.83
7646,566,1,32,10,147511.26,1,1,1,159891.03
4151,627,1,44,6,153548.12,1,0,0,35300.08
3130,795,0,56,5,0.0,1,1,0,35418.69
4890,552,0,34,4,0.0,2,1,0,140286.69
9975,610,1,50,1,113957.01,2,1,0,196526.55
7471,658,0,55,8,119327.93,1,0,1,119439.66
1833,663,1,32,8,130627.66,1,1,0,47161.25
9148,698,1,37,8,0.0,2,0,0,145004.39
4891,765,1,34,5,86055.17,2,1,1,104220.5
2287,556,1,26,4,0.0,1,1,0,195167.38
1330,640,0,46,8,0.0,2,1,0,89043.19
2771,714,1,28,7,77776.39,1,1,0,177737.07
3686,706,1,18,2,176139.5,2,1,0,129654.22
8283,664,1,57,1,0.0,2,1,1,56562.57
5928,578,0,36,8,129745.1,1,1,1,143683.75
637,682,1,48,1,138778.15,1,0,1,168840.23
47,637,0,39,9,137843.8,1,1,1,117622.8
2602,594,1,28,0,142574.71,2,1,0,129084.82
1965,612,0,33,9,0.0,1,0,0,142797.5
2168,705,0,56,2,143249.67,1,1,0,88428.41
5049,784,1,38,10,122267.85,1,0,0,145759.93
3334,671,1,27,5,0.0,2,0,0,120893.07
3019,577,1,29,7,0.0,2,1,1,55473.15
8764,773,1,51,8,116197.65,2,1,1,86701.4
9176,573,1,35,9,0.0,2,1,0,11743.89
1360,647,0,22,3,97975.82,2,0,1,62083.0
5798,732,1,54,0,134249.7,1,0,1,13404.4
9400,639,0,31,3,98360.03,1,0,0,20973.8
3251,850,1,43,0,108508.82,3,1,0,184044.8
6300,614,0,41,3,123475.04,1,1,1,179227.52
2251,677,0,25,8,130866.19,1,1,0,42410.21
6027,850,1,44,3,140393.65,2,0,1,186285.52
1175,719,1,39,5,0.0,2,1,0,145759.7
8799,454,1,34,4,0.0,2,1,0,198817.72
3279,652,1,37,7,0.0,2,1,0,68789.93
2973,591,0,56,9,128882.49,1,1,1,196241.94
3396,581,1,71,4,0.0,2,1,1,197562.08
6939,570,0,43,9,0.0,2,0,1,11417.26
965,663,0,42,5,124626.07,1,1,1,78004.5
8574,717,0,59,4,0.0,2,1,1,170528.63
742,635,1,29,7,105405.97,1,1,1,149853.89
7514,699,1,64,9,113109.52,1,1,0,27980.8
3314,608,0,63,3,139529.93,2,1,1,175696.16
4898,544,0,40,7,0.0,1,0,1,161076.92
9340,737,1,45,10,0.0,2,1,0,1364.54
4672,756,0,23,1,112568.31,1,1,1,113408.11
8618,656,0,41,6,101179.23,2,1,1,35230.61
1217,505,1,29,3,145541.56,2,1,1,58019.95
4397,659,1,39,8,52106.33,2,1,1,107964.36
6080,659,0,42,2,0.0,1,0,0,162734.31
2614,546,0,58,3,106458.31,4,1,0,128881.87
2620,603,1,35,6,128993.76,2,1,0,130483.56
8714,703,0,41,6,109941.51,1,1,0,116267.28
7282,581,0,44,7,189318.16,2,1,0,45026.23
3379,803,0,45,7,0.0,2,1,1,128378.04
7301,767,0,33,1,144753.21,1,1,1,132480.75
9857,716,1,39,1,70657.61,2,1,1,76476.05
5605,619,1,58,5,152199.33,1,1,1,86022.09
9813,590,0,29,10,99250.08,1,1,1,129629.41
5786,588,1,40,5,0.0,2,0,0,100727.68
8518,599,1,50,3,121159.65,1,0,0,4033.39
6850,551,1,42,1,50194.59,1,1,1,23399.58
1516,646,0,37,7,96558.66,1,0,0,163427.18
5098,550,1,29,9,145294.08,2,1,0,147484.13
7636,517,0,59,8,154110.99,2,1,0,101240.08
9085,690,0,42,5,0.0,2,0,1,120512.08
8023,664,1,36,1,0.0,2,1,1,95372.64
2392,649,1,51,4,0.0,1,1,1,150390.57
586,621,1,53,9,170491.84,1,1,0,35588.07
3519,661,0,41,5,28082.95,1,1,0,69586.27
7653,535,0,30,5,122924.75,1,0,0,62390.59
8946,623,1,28,7,0.0,1,0,0,129526.57
850,646,1,46,1,170826.55,2,1,0,45041.32
335,485,1,29,7,182123.79,1,1,0,116828.51
6634,480,0,42,1,152160.21,2,1,0,101778.9
8972,650,0,32,4,79450.09,1,1,1,118324.75
7493,610,0,37,10,140363.95,2,1,1,129563.86
2868,545,1,36,8,73211.12,2,1,0,89587.34
4872,790,1,32,3,0.0,1,1,0,91044.47
3550,647,1,51,4,131156.76,1,1,0,29883.63
3842,711,1,28,8,0.0,2,1,1,64286.39
7262,641,0,40,4,101090.27,1,1,1,51703.09
5824,636,1,36,1,0.0,3,1,1,74048.1
23,669,1,46,3,0.0,2,0,1,8487.75
1453,672,0,53,7,0.0,1,1,1,136910.18
1684,613,0,24,7,140453.91,1,1,0,129001.3
2310,781,1,32,6,147107.91,1,1,1,40066.95
9063,609,1,39,3,121778.71,1,1,1,138399.67
9406,850,1,31,6,131996.66,2,1,1,178747.43
381,690,1,36,7,101583.11,2,1,0,123775.15
5814,618,0,40,1,133245.52,2,1,1,54495.82
5550,733,0,44,6,168165.84,1,0,1,197193.49
9308,742,1,27,0,0.0,2,0,1,131534.96
1618,697,1,27,8,141223.68,2,1,0,90591.15
789,704,1,48,8,167997.6,1,1,1,173498.45
5983,619,0,28,6,99152.73,2,1,0,48475.12
8672,706,1,38,1,0.0,2,1,0,122379.54
4475,640,1,40,8,110340.68,1,1,1,157886.6
5606,492,0,52,8,125396.24,1,1,0,10014.72
9312,579,1,40,10,45408.85,2,1,0,18732.91
5648,525,1,35,7,165358.77,1,0,1,94738.54
6216,479,1,47,1,0.0,1,1,0,95270.83
2286,618,1,44,5,157955.83,2,0,0,139297.71
9993,644,1,28,7,155060.41,1,1,0,29179.52
7578,582,0,39,1,132077.48,2,1,0,192255.15
1183,652,1,36,1,0.0,2,1,1,151314.98
6001,775,0,30,5,0.0,1,1,0,193880.6
5090,474,0,30,9,0.0,2,0,0,63158.22
2516,814,0,36,6,0.0,2,1,1,98657.01
4122,577,1,60,10,125389.7,2,1,1,178616.73
5521,815,1,37,1,166115.42,1,1,0,67208.3
5627,654,1,29,4,132954.64,1,1,1,146715.07
8360,686,1,33,9,141918.09,2,0,1,184036.47
5872,658,1,21,7,0.0,2,0,1,154279.87
8612,686,1,39,3,129626.19,2,1,1,103220.56
7727,681,0,63,7,0.0,2,1,1,55054.48
5968,526,1,28,1,112070.44,1,0,1,126281.83
1180,621,1,34,6,0.0,2,1,1,99128.13
8762,350,0,60,3,0.0,1,0,0,113796.15
8235,564,1,37,9,100252.18,1,1,1,146033.52
2818,669,1,37,4,0.0,1,1,0,132540.33
9964,479,1,34,5,117593.48,2,0,0,113308.29
8703,661,0,31,3,136067.82,2,1,0,65567.91
6608,765,1,40,6,138033.55,1,1,1,67972.45
2820,622,0,31,1,89688.94,1,1,1,152305.47
7535,611,0,36,10,103294.56,1,1,0,160548.12
2260,576,1,55,9,0.0,2,1,1,94450.97
2239,493,0,31,3,0.0,1,1,1,176570.28
6021,714,1,52,4,100755.66,1,1,1,186775.25
782,517,1,41,2,0.0,2,0,1,75937.47
932,708,0,42,8,192390.52,2,1,0,823.36
6202,690,1,49,8,116622.73,1,0,1,51011.29
2412,754,1,38,2,0.0,2,1,0,180698.32
6997,611,1,68,5,82547.11,2,1,1,146448.01
9115,612,0,36,2,130700.92,2,0,0,77592.8
1156,615,1,49,3,0.0,2,1,1,49872.33
8107,560,1,50,3,0.0,2,1,0,84531.79
5805,537,0,38,1,96939.06,1,1,1,102606.92
4879,783,0,44,3,81811.71,1,1,0,164213.53
3309,523,0,28,2,121164.11,1,1,1,59938.81
8961,603,1,44,9,0.0,1,1,0,138328.24
1702,686,1,22,5,0.0,2,1,0,158974.45
2492,520,0,31,3,108914.17,1,1,1,183572.39
3706,629,0,44,6,125512.98,2,0,0,79082.76
8276,580,1,32,9,142188.2,2,0,1,128028.6
286,602,1,29,5,103907.28,1,1,0,161229.84
1608,574,0,39,2,122524.61,2,1,0,88463.63
6631,613,1,44,3,0.0,2,0,1,136491.72
8278,709,0,36,8,0.0,2,1,1,69676.55
7315,502,0,33,6,125241.17,2,1,1,158736.07
2252,733,0,33,7,187257.94,1,0,1,190430.81
7415,812,1,29,6,0.0,2,0,0,168023.6
8365,850,1,31,1,96399.31,2,1,0,106534.15
1891,584,0,37,1,0.0,2,1,1,180363.56
5062,849,1,41,10,84622.13,1,1,1,198072.16
6120,715,1,40,7,0.0,1,1,1,141359.11
563,509,0,46,1,0.0,1,1,0,71244.59
291,747,0,41,5,94521.17,2,1,0,194926.86
4716,646,1,18,10,0.0,2,0,1,52795.15
7708,486,0,39,8,97819.36,1,0,1,120531.31
6349,542,0,25,7,0.0,2,0,1,82393.08
169,682,1,24,9,57929.81,2,0,0,53134.3
267,651,1,36,7,0.0,2,1,0,13898.31
4638,516,1,50,7,139675.07,2,1,0,45591.23
7077,649,1,24,7,101195.23,1,0,0,133091.32
3355,660,1,24,5,85089.3,1,1,1,71638.0
8279,605,0,34,2,0.0,1,0,0,35982.42
315,474,1,37,3,0.0,2,0,0,57175.32
6728,804,0,33,10,138335.96,1,1,1,80483.76
9495,680,1,33,10,183768.47,1,1,0,164119.35
4067,565,0,32,4,90322.99,2,0,1,118740.37
245,635,0,40,10,123497.58,1,1,0,131953.23
252,681,0,79,0,0.0,2,0,1,170968.99
1111,833,1,59,1,130854.59,1,1,1,30722.52
4801,823,1,71,5,149105.08,1,0,1,162683.06
1713,634,1,44,9,149961.11,1,1,0,57121.51
50,698,1,44,10,116363.37,2,1,0,198059.16
1835,696,1,38,6,142316.14,1,1,1,8018.49
7896,635,1,41,1,0.0,2,1,0,175611.5
3383,698,1,39,9,133191.19,2,0,1,53289.49
6410,689,0,63,1,0.0,2,1,1,186526.12
4313,646,1,69,10,115462.44,1,1,0,40421.87
872,722,0,35,2,163943.89,2,1,1,15068.18
1254,628,0,46,1,46870.43,4,1,0,31272.14
8881,744,1,29,1,43504.42,1,1,1,119327.75
5851,576,1,33,3,0.0,2,0,1,190112.05
5702,585,1,36,7,0.0,2,1,0,94283.09
8103,479,1,51,1,107714.74,3,1,0,86128.21
2098,601,0,43,2,0.0,1,1,0,49713.87
5128,508,0,38,3,166328.65,2,0,1,22614.19
248,634,1,24,8,103097.85,1,1,1,157577.29
6561,445,0,48,7,168286.58,1,1,0,16645.77
1339,682,1,46,7,128029.72,1,1,1,62615.35
7017,646,1,25,5,182876.88,2,1,1,42537.59
2110,722,0,48,10,138311.76,1,1,1,3472.63
1569,651,0,42,1,116646.76,1,1,0,44731.8
1726,776,1,38,5,112281.7,1,0,1,89893.6
8384,755,1,34,3,0.0,2,1,1,158816.03
6940,575,1,46,1,0.0,2,1,1,65998.26
4395,660,0,20,6,167685.56,1,1,0,57929.9
2420,593,0,46,7,98752.51,1,1,0,145560.38
3045,621,1,27,1,74298.43,1,1,1,52581.96
5503,704,1,24,10,122109.78,1,1,1,127654.37
3703,739,1,40,5,149131.03,3,1,1,60036.99
8191,644,0,40,10,139180.97,1,1,1,19959.67
5331,637,0,46,2,143500.82,1,1,0,166996.46
9808,603,0,39,9,76769.68,1,0,0,48224.72
447,501,1,40,4,125832.2,1,1,1,100433.83
7894,706,1,67,1,123276.69,2,1,1,86507.88
8728,434,1,41,4,108128.52,1,0,1,56784.11
7828,734,0,40,9,176914.8,1,1,1,12799.23
1768,760,1,28,1,141038.57,2,0,0,16287.38
6808,709,1,30,9,115479.48,2,1,1,134732.99
4704,588,0,35,0,0.0,2,1,1,155485.24
3869,512,0,31,7,0.0,2,0,0,49326.07
1655,669,0,47,9,61196.54,1,1,0,58170.24
3187,516,0,45,8,109044.3,1,0,1,115818.16
683,749,0,40,8,141782.57,2,0,0,86333.63
4170,673,0,69,3,78833.15,2,1,1,37196.15
4477,679,1,52,9,135870.01,2,0,0,54038.62
461,539,1,39,3,0.0,2,1,0,36692.17
5764,726,0,34,0,185734.75,1,1,1,102036.82
7522,610,1,41,6,0.0,3,0,0,56118.81
4502,698,1,45,5,164450.94,1,1,0,141970.02
9709,575,0,57,8,137936.94,1,1,1,84475.13
318,628,0,22,3,0.0,1,1,0,85426.28
1145,546,1,28,8,0.0,1,1,0,159254.29
5094,610,1,37,0,0.0,1,1,0,114514.64
1393,831,0,32,2,146033.62,1,1,0,191260.74
6623,581,1,28,3,104367.5,1,1,1,29937.75
1501,661,0,31,7,144162.3,2,1,1,14490.79
6408,729,1,44,4,107726.93,2,1,0,153064.87
376,745,1,45,10,117231.63,3,1,1,122381.02
410,709,1,23,10,0.0,2,0,0,129590.18
1660,655,0,37,7,111852.84,2,1,0,10511.13
3151,686,0,39,3,111695.62,1,0,0,136643.84
1623,589,1,38,2,0.0,1,1,0,79915.28
5609,623,0,40,4,0.0,3,1,0,31669.18
8532,585,0,35,2,0.0,2,1,0,98621.04
5802,499,1,35,10,0.0,2,1,0,10722.54
5306,605,0,51,9,104760.82,1,1,1,165574.54
7086,554,0,38,3,138731.95,1,1,1,194138.36
8897,603,1,51,8,186825.57,1,1,0,93739.71
7488,538,0,42,4,80380.24,1,1,0,119216.46
9615,692,0,47,3,0.0,2,1,0,150802.41
9217,644,1,31,5,0.0,2,1,1,41872.17
1672,513,0,37,6,0.0,2,1,0,110142.34
2358,669,1,43,1,163159.85,1,0,1,15602.8
8467,709,1,62,3,0.0,2,1,1,82195.15
274,712,1,28,4,145605.44,1,0,1,93883.53
2473,351,0,57,4,163146.46,1,1,0,169621.69
5489,728,1,33,8,129907.63,1,0,1,36083.96
4771,580,0,36,3,74974.89,1,1,1,12099.67
2107,646,0,42,3,99836.47,1,0,1,22909.56
7500,694,1,47,4,0.0,2,1,0,197528.62
4414,712,1,27,8,113174.21,2,1,0,147261.58
8138,584,0,36,4,109646.83,1,1,1,70240.79
8660,535,0,27,6,0.0,2,0,1,49775.58
8239,639,1,34,7,149940.04,2,0,0,156648.81
2417,732,0,33,8,111379.55,1,1,1,45098.62
8771,681,1,31,4,97338.19,2,0,0,48226.76
2236,632,1,41,3,126550.7,1,0,0,177644.52
3767,769,1,29,4,145471.37,1,1,0,188382.77
9791,825,0,35,6,118336.95,1,1,0,26342.33
9989,841,1,28,4,0.0,2,1,1,179436.6
9965,627,0,33,4,83199.05,1,0,0,159334.93
7323,742,1,24,8,0.0,2,1,0,4070.28
1383,571,0,23,10,151097.28,1,0,1,17163.75
3101,763,1,32,9,160680.41,1,1,0,30886.35
3921,567,1,59,3,0.0,2,1,0,25843.7
6685,636,1,34,8,0.0,2,1,0,38570.13
3194,690,0,26,3,118097.87,1,1,0,61257.83
1941,452,1,44,3,88915.85,1,1,0,69697.74
7713,793,1,56,8,119496.25,2,1,0,29880.99
4896,605,1,41,5,91612.91,1,1,1,28427.84
4782,752,0,53,8,114233.18,1,1,1,51587.04
1496,569,1,38,8,0.0,2,0,0,79618.79
1957,710,1,54,6,171137.62,1,1,1,167023.95
9171,411,0,54,9,0.0,1,0,1,76621.49
9745,818,1,36,4,0.0,2,1,1,8037.03
7332,788,0,42,6,138650.49,2,1,0,64746.07
7949,530,1,52,1,106723.28,1,0,0,109960.4
3017,590,0,29,2,166930.76,2,1,0,122487.73
6746,640,1,39,3,0.0,1,1,1,105997.25
513,734,1,34,6,133598.4,1,1,1,13107.24
3934,581,0,46,1,0.0,2,1,0,104272.04
3025,759,0,39,6,0.0,2,1,1,140497.67
1199,645,1,41,7,0.0,1,0,1,28667.56
5028,478,0,38,4,171913.87,1,1,0,51820.87
9784,527,1,39,4,0.0,2,1,0,167183.07
921,609,1,61,1,0.0,1,1,0,22447.85
4649,670,1,31,1,142631.54,2,1,1,175894.24
5332,710,0,29,3,119670.18,1,1,0,188022.44
1076,702,1,39,8,0.0,2,1,0,99654.13
6768,599,1,42,6,0.0,2,1,0,113868.4
9410,640,0,46,5,107978.4,2,1,0,155876.06
1671,594,1,41,2,122545.65,2,1,1,42050.24
474,571,0,33,1,0.0,2,1,0,102750.7
9186,652,0,58,3,116353.2,2,0,1,193502.9
8839,606,1,40,1,144757.97,2,1,1,166656.18
5758,681,0,44,4,91115.76,2,0,0,24208.84
6297,807,0,34,1,0.0,1,0,0,114448.13
2478,774,0,41,5,126670.37,1,1,0,102426.06
5493,680,1,31,9,0.0,2,1,0,36145.53
3914,658,1,44,2,168396.34,1,1,1,14178.73
2138,718,1,45,3,105266.32,2,1,1,193724.51
5454,704,1,39,5,0.0,1,1,0,6416.92
5379,627,0,21,7,98993.02,1,1,1,169156.64
8985,664,1,41,7,123428.69,1,1,1,164924.11
4023,535,1,38,8,85982.07,1,1,0,9238.35
3485,604,1,33,3,0.0,1,1,0,42171.13
2455,661,1,47,5,0.0,1,0,1,107243.31
2464,583,1,40,4,107041.3,1,1,1,5635.63
8696,504,1,34,0,54980.81,1,1,1,136909.88
1369,652,1,50,8,125437.64,1,1,1,17160.94
6688,550,1,22,6,154377.3,1,1,1,51721.52
7456,790,1,20,8,0.0,2,1,0,168152.76
9974,583,1,33,7,122531.86,1,1,0,13549.24
1901,796,1,67,5,0.0,2,0,1,54871.02
4871,763,1,40,3,0.0,2,1,0,134281.11
4710,585,0,40,3,162261.01,2,1,0,137028.51
7886,666,0,36,8,0.0,1,0,1,158666.99
1793,629,1,36,1,161757.87,2,1,1,146371.72
2874,831,1,32,9,80262.66,1,1,0,194867.78
6217,693,1,31,2,0.0,2,1,1,107759.31
5213,752,1,29,4,129514.99,1,1,1,102930.46
2245,625,0,58,10,53772.73,1,1,1,192072.1
1741,747,0,25,4,0.0,2,0,1,42039.67
1020,625,1,49,6,173434.9,1,1,0,165580.93
705,750,1,40,5,168286.81,3,1,0,20451.99
4294,579,0,42,3,137560.38,2,1,1,85424.34
5576,566,1,65,4,120100.41,1,1,0,107563.16
7166,618,0,40,8,0.0,2,1,0,80204.38
8177,678,0,40,8,128644.46,1,0,0,167673.37
908,685,1,31,10,135213.71,1,1,1,125777.28
5193,562,0,29,9,120307.58,1,1,1,6795.61
3077,587,1,33,6,132603.36,1,1,0,55775.72
9366,736,0,36,6,0.0,1,1,0,70496.66
594,779,0,26,4,174318.13,2,0,1,38296.21
5304,531,0,42,6,75302.85,2,0,0,57034.35
440,626,0,35,3,0.0,1,0,0,80190.36
7606,680,0,31,3,127331.46,3,1,1,176433.6
4092,583,0,40,4,0.0,2,1,0,114093.73
6134,699,0,25,8,0.0,2,1,1,52404.47
10,528,1,31,6,102016.72,2,0,0,80181.12
3776,750,1,33,2,152302.72,1,1,0,71333.44
8999,702,0,38,9,0.0,2,1,1,158527.45
3708,565,1,34,7,0.0,1,0,0,74593.84
3780,595,1,46,5,142360.62,2,1,0,48421.4
93,769,1,29,8,0.0,2,1,1,172290.61
9239,583,0,32,7,94753.55,2,1,1,18149.03
3949,554,1,43,5,99906.89,1,0,0,24983.39
5785,753,1,48,4,0.0,2,0,1,146821.42
4870,648,0,43,1,107963.38,1,0,0,186438.86
4802,512,1,39,3,0.0,1,1,0,134878.19
4867,648,0,34,3,0.0,1,1,0,54726.43
292,583,1,27,7,0.0,2,1,0,51285.49
7888,594,0,31,0,79340.95,1,1,0,78255.86
7405,556,1,34,8,163757.06,1,1,1,104000.06
5595,608,1,33,4,0.0,1,0,1,130474.03
2886,449,0,37,6,0.0,2,1,0,82176.48
6454,597,1,35,0,127510.99,1,1,1,155356.34
2542,549,1,41,9,95020.8,3,1,1,131710.59
1765,766,1,43,6,112088.04,2,1,1,36706.56
6800,711,0,35,8,0.0,1,1,1,67508.01
1877,770,1,55,9,63127.41,2,1,0,185211.28
1981,476,0,69,1,105303.73,1,0,1,134260.34
9729,651,1,23,10,0.0,2,1,1,170099.23
9608,700,1,44,9,0.0,2,1,0,142287.65
2685,679,1,60,6,0.0,2,1,1,77331.77
8930,724,0,69,5,117866.92,1,1,1,62280.91
3458,770,0,37,9,0.0,2,0,0,22710.72
4541,617,0,36,7,115617.24,1,1,1,71519.4
2178,774,0,43,1,116360.07,1,1,0,17004.14
4450,633,1,59,2,103996.74,1,1,1,103159.11
3859,677,1,42,5,99580.13,1,1,0,21007.96
7623,719,1,61,5,0.0,2,0,1,29132.43
7654,614,0,38,4,72594.0,1,1,1,76042.48
4519,617,1,38,7,0.0,1,1,1,27239.28
2517,592,1,36,2,104702.65,2,1,0,107948.72
4836,609,1,26,10,126392.18,1,0,1,43651.49
2885,660,1,42,5,0.0,2,1,0,115509.59
7281,629,1,59,9,113657.83,1,1,1,116848.79
6255,547,1,55,4,111362.76,3,1,0,16922.28
4539,718,0,37,7,0.0,2,1,1,55100.09
5639,523,1,61,8,66250.71,1,1,1,21859.06
9459,650,0,47,9,0.0,1,1,0,187943.6
3481,729,0,34,9,53299.96,2,1,1,42855.97
1277,743,1,42,7,77002.2,2,1,1,80428.42
3146,548,0,28,8,116755.5,2,1,1,158585.17
8262,737,0,33,4,0.0,2,1,0,115115.32
3205,850,0,42,8,0.0,1,1,0,19632.64
9892,604,1,40,5,155455.43,1,0,1,113581.85
2742,649,0,41,2,125785.23,1,1,1,70523.92
6076,687,0,24,3,110495.27,1,1,0,158615.41
4047,720,1,21,2,123200.78,1,1,1,180712.28
5731,674,1,45,7,144889.18,1,1,1,102591.9
2945,835,1,20,4,124365.42,1,0,0,180197.74
5790,486,1,27,7,0.0,2,1,0,28823.04
6794,575,0,54,9,68332.96,1,1,1,144390.75
6543,814,1,29,1,131968.57,2,1,1,147693.92
700,750,0,32,5,0.0,2,1,0,95611.47
3574,541,0,32,4,0.0,1,1,1,114951.42
7699,605,0,36,9,0.0,2,0,1,35521.63
2515,564,1,40,4,0.0,1,1,0,85455.62
3000,532,0,40,5,0.0,2,0,1,177099.71
5820,721,1,37,4,98459.6,1,0,0,90821.66
8581,585,0,43,2,0.0,2,1,0,89402.54
3684,482,0,35,2,133111.73,1,0,1,79957.95
2995,535,0,29,2,112367.34,1,1,0,185630.76
4252,452,1,33,7,153663.27,1,1,0,111868.23
3411,711,0,37,8,113899.92,1,0,0,80215.2
7962,634,0,56,3,116251.24,1,0,1,42429.88
6309,705,1,25,9,0.0,2,0,1,112331.19
8611,596,0,30,1,0.0,2,1,0,8125.39
5012,575,1,40,5,0.0,2,1,1,122488.59
7750,550,1,25,0,0.0,2,1,1,184221.11
5979,677,0,24,0,148298.59,2,0,0,182913.95
4048,602,0,63,7,0.0,2,1,1,56323.21
4899,803,0,32,9,192122.84,1,1,1,54277.45
1318,598,0,43,5,0.0,3,1,1,100722.72
9772,660,1,30,1,84440.1,2,1,1,60485.98
9137,535,0,38,0,135919.33,1,1,0,80425.65
7142,612,0,63,2,131629.17,2,1,0,122109.58
1897,673,0,37,0,0.0,2,0,0,82351.06
7465,666,1,30,3,110153.27,1,0,1,74849.46
603,566,1,30,5,0.0,1,1,0,54926.51
2846,544,1,39,4,142406.43,2,1,0,146637.45
8207,566,1,63,2,120787.18,2,1,1,52198.84
393,556,1,38,8,0.0,2,0,0,417.41
4436,508,1,26,7,205962.0,1,1,0,156424.4
9447,718,0,41,1,0.0,2,0,1,27509.52
7234,512,0,35,5,124580.69,1,1,1,18785.48
5398,831,1,44,3,111100.98,1,1,1,28144.07
95,515,1,35,10,176273.95,1,0,1,121277.78
1662,695,1,40,7,139022.24,1,0,1,193383.13
8970,758,1,61,2,0.0,2,1,1,43982.41
5130,691,1,38,9,163965.69,2,0,1,103511.26
1488,596,1,30,6,121345.88,4,1,0,41921.75
8316,651,1,53,7,0.0,2,1,1,130132.41
2707,637,0,38,3,104339.56,1,0,0,119882.86
1595,677,1,38,4,0.0,2,1,0,187800.63
9277,633,1,29,7,0.0,1,1,1,130224.73
2377,549,1,50,9,94748.76,2,0,1,13608.18
5140,626,0,29,4,105767.28,2,0,0,41104.82
6147,690,1,31,2,137260.45,2,1,0,55387.28
8241,565,1,32,9,0.0,2,1,0,5388.3
3948,748,1,58,9,122330.7,2,0,1,124429.19
3933,698,1,37,5,98400.61,2,0,0,25017.28
4797,793,0,32,1,96408.98,1,1,1,138191.81
4372,628,1,31,0,88421.81,1,0,0,72350.47
9862,756,1,27,8,0.0,2,1,1,157932.75
8242,478,0,50,2,0.0,1,0,1,93332.64
3448,560,0,31,5,125341.69,1,1,0,79547.39
2943,678,0,41,9,0.0,1,0,0,13160.03
2465,763,0,32,10,95153.77,1,0,1,81310.1
8582,668,1,32,1,134446.04,1,0,1,111241.37
5506,590,1,34,0,65812.35,2,0,1,160346.3
2698,586,0,28,5,0.0,3,1,0,170487.4
2447,621,1,26,2,75237.54,1,0,1,44220.4
19,726,0,24,6,0.0,2,1,1,54724.03
2748,401,1,48,8,128140.17,1,1,0,175753.55
5399,733,1,35,8,102918.38,1,1,1,45959.86
8078,576,0,50,8,0.0,2,1,1,57802.62
6871,636,0,48,3,120568.41,1,1,0,190160.04
4708,530,1,44,6,0.0,2,0,0,55893.37
9476,650,0,48,7,138232.24,1,1,0,57594.78
809,657,0,37,6,95845.6,1,1,0,122218.23
7477,677,0,56,0,119963.45,1,0,0,158325.87
2273,726,0,27,7,123826.07,1,0,1,78970.58
1923,717,1,36,2,148061.89,1,1,0,179128.69
1470,568,0,31,1,61592.14,2,1,1,61796.64
7934,629,1,31,6,132876.55,1,1,1,130862.11
7407,639,1,22,4,0.0,2,1,0,28188.96
2406,702,1,32,8,71667.74,1,1,1,126082.18
1142,793,1,41,9,0.0,2,1,0,152153.74
1747,586,1,34,9,74309.81,1,1,0,15034.93
5709,644,0,39,9,0.0,1,1,0,3740.93
4975,743,1,39,6,0.0,2,1,0,44265.28
7300,669,1,45,1,123949.75,1,0,0,110881.56
8148,780,1,47,7,86006.21,1,1,1,37973.13
2833,683,1,40,8,0.0,1,1,0,75848.22
3131,648,0,39,3,126935.98,2,0,1,57995.74
1310,748,0,27,2,90971.85,1,1,1,131662.47
8650,637,1,27,1,0.0,2,1,0,91291.2
6774,656,0,48,9,0.0,2,1,1,85240.61
6756,473,0,39,9,117103.26,2,1,1,85937.52
620,593,1,35,9,114193.24,1,1,0,71154.1
2701,649,0,31,2,0.0,2,1,0,15200.61
2199,762,1,29,6,141389.06,1,1,0,54122.89
6196,698,1,29,5,95167.55,1,1,1,152723.23
8824,643,0,35,6,0.0,2,1,1,41549.64
1046,807,0,42,1,0.0,1,1,0,16500.66
5768,674,1,36,2,154525.7,1,0,1,27468.72
9947,615,1,34,1,83503.11,2,1,1,73124.53
9019,421,1,34,2,0.0,2,1,1,96615.23
743,611,0,49,2,88915.37,3,0,0,161435.02
222,567,1,42,2,0.0,2,1,1,167984.61
3149,643,0,34,8,117451.47,1,1,0,65374.86
625,850,1,35,7,110349.82,1,0,0,126355.8
9334,641,1,25,10,0.0,2,1,1,180808.39
7566,574,1,36,4,77967.5,1,1,0,167066.95
4582,501,1,37,4,0.0,2,0,0,12470.3
5711,617,0,35,2,104508.1,1,1,1,147636.46
3284,814,1,48,9,136596.85,1,1,1,185791.9
7585,490,0,40,1,0.0,1,1,1,49594.19
9646,850,1,71,10,69608.14,1,1,0,97893.4
1530,611,0,26,2,107508.93,2,1,1,120801.65
9685,593,1,45,4,138825.19,1,0,0,10828.78
353,670,1,25,6,0.0,2,1,1,78358.94
2474,739,0,37,8,0.0,2,1,0,191557.1
8013,650,1,32,2,84906.45,1,1,0,163216.48
6475,497,1,41,5,80542.81,1,0,0,88729.22
6449,693,1,45,2,116546.59,2,0,0,23140.28
239,703,1,28,2,81173.83,2,0,1,162812.16
2625,567,1,29,5,129750.68,1,1,0,109257.59
9786,803,1,34,4,142929.16,2,1,1,114869.56
7198,670,1,33,6,88294.6,1,1,0,66979.06
7692,634,1,74,5,108891.7,1,1,0,10078.02
2997,655,0,26,7,106198.5,1,0,1,32020.42
6440,790,0,47,10,148636.21,1,0,1,16119.96
4562,678,1,36,1,117864.85,2,1,0,27619.06
8614,797,1,32,1,151922.94,1,1,0,8877.06
1479,595,1,32,8,131081.66,2,1,1,69428.79
1018,850,0,45,5,103909.86,1,1,0,60083.11
3094,480,0,25,3,174330.35,2,0,0,181647.13
6182,709,0,37,9,0.0,2,1,0,16733.59
4960,811,1,42,10,0.0,2,1,1,3797.79
8492,494,1,28,9,114731.76,2,0,1,79479.74
1103,512,0,32,2,123403.85,2,1,0,80120.19
6081,526,1,52,8,93590.47,1,0,1,21228.71
9525,618,0,46,6,150213.71,1,1,0,120668.46
5190,735,1,36,5,0.0,2,1,0,105152.17
4181,656,1,26,4,139584.57,1,1,0,36308.93
4467,538,1,31,1,0.0,2,1,0,1375.46
1626,617,0,28,0,0.0,2,1,1,7597.83
6717,663,0,58,5,216109.88,1,0,1,74176.71
3798,700,0,43,0,0.0,2,1,0,59475.35
3053,601,0,34,5,0.0,2,1,0,27022.57
2867,559,0,27,1,0.0,1,0,1,1050.33
1432,573,0,44,4,0.0,1,1,1,94862.93
7983,774,0,36,9,114997.42,1,1,0,75304.09
9346,716,1,41,9,0.0,1,1,1,113267.48
9419,686,1,26,1,57422.62,1,1,1,79189.4
4076,672,0,50,1,0.0,1,1,0,12106.82
217,730,0,33,9,0.0,2,0,0,176576.62
3555,528,0,36,1,156948.41,1,1,1,149912.28
7936,468,1,22,2,0.0,2,1,0,28123.99
8421,693,1,43,6,128760.32,1,1,0,36342.79
1034,663,1,46,3,0.0,2,0,1,176276.1
3773,749,0,35,3,0.0,3,1,1,132649.85
4132,540,0,28,6,84121.04,1,0,1,80698.54
2335,724,0,48,6,110463.25,2,1,1,80552.11
6492,753,0,35,5,82453.96,2,0,0,18254.75
1482,574,1,26,8,97460.1,1,1,1,43093.67
906,685,1,33,6,174912.72,1,1,1,43932.54
6088,661,0,30,7,0.0,2,1,0,72196.57
6466,678,1,32,4,139626.01,1,1,1,118235.52
5676,749,0,26,6,0.0,2,0,1,34948.77
2770,676,0,32,5,0.0,2,1,1,75465.41
1805,769,0,31,7,148913.72,2,1,0,53817.23
7374,682,0,38,1,116520.28,1,1,1,49833.5
2114,732,1,33,8,0.0,1,1,0,119882.7
4534,656,1,41,2,0.0,2,1,0,158973.77
2531,607,1,47,4,148826.32,1,1,1,79450.61
8525,712,0,29,8,140170.61,1,1,1,38170.04
3470,649,0,36,2,0.0,2,0,1,75035.48
1402,757,1,29,8,130306.49,1,1,0,77469.38
852,511,0,41,8,153895.65,1,1,1,39087.42
3082,483,0,44,5,136836.49,1,1,0,192359.9
8024,694,1,30,10,144684.03,1,1,1,31805.49
7565,708,1,52,10,105355.81,1,1,0,123.07
5529,691,1,34,8,133936.04,2,1,0,91359.79
7854,746,1,49,7,0.0,2,0,1,10096.25
4932,683,0,29,0,157829.12,1,0,0,129891.66
5159,762,0,69,9,183744.98,1,1,1,196993.69
9715,680,0,34,7,0.0,2,1,0,98949.85
3846,554,0,48,7,0.0,2,1,1,63708.07
6483,619,1,41,3,147974.16,2,1,0,170518.83
747,450,0,46,5,177619.71,1,1,0,54227.06
3034,770,1,36,2,89800.14,1,1,1,105922.69
347,643,1,59,3,170331.37,1,1,1,32171.79
3351,474,0,34,9,176311.36,1,1,0,160213.27
2864,708,1,37,8,153366.13,1,1,1,26912.34
2167,787,1,33,1,126588.81,2,0,1,62163.53
6954,611,1,38,7,0.0,1,1,1,63202.0
6209,690,0,40,9,77641.99,1,0,0,189051.59
2777,758,0,61,8,125397.21,1,1,0,182184.09
1441,627,1,44,6,0.0,1,1,1,114469.55
5657,496,1,30,0,90963.49,1,0,1,27802.0
9657,606,1,32,5,83161.65,1,1,1,116885.59
3027,774,0,42,3,137781.65,1,0,0,199316.19
6117,850,1,37,2,0.0,2,1,0,119969.99
2483,750,1,37,3,0.0,2,1,0,16870.2
2882,551,1,37,3,0.0,2,1,1,50578.4
5561,771,0,56,2,0.0,1,1,1,25222.6
763,742,0,21,1,114292.48,1,1,0,31520.4
6481,606,1,39,8,136000.45,2,1,0,31708.53
1616,594,0,49,4,0.0,2,1,1,23631.55
1222,536,1,46,1,65733.41,1,1,0,61094.53
8664,690,0,48,2,0.0,2,1,1,3149.1
6221,513,0,45,0,164649.52,3,1,0,49915.52
1576,613,0,40,9,95624.36,2,1,1,60706.33
9391,846,1,61,0,0.0,2,1,1,96202.44
6350,640,1,48,1,111599.32,1,0,1,135995.58
3782,431,0,44,2,138843.7,1,1,0,37688.31
4374,688,1,41,2,112871.19,2,0,1,65520.74
708,580,0,35,8,0.0,2,0,1,10357.03
509,599,0,37,2,0.0,2,1,1,143739.29
2954,538,0,33,5,0.0,2,1,0,126962.41
7537,655,0,38,6,0.0,1,1,1,188639.28
6338,583,1,39,8,102945.01,1,0,0,52861.89
8922,550,1,35,9,129847.75,2,1,0,197325.4
7063,580,1,76,2,130334.84,2,1,1,51672.08
7162,607,1,34,9,132439.99,1,1,0,177747.72
7371,850,1,30,10,153972.89,2,1,0,62811.03
6828,707,1,34,9,162691.16,2,1,0,94912.78
3615,415,1,46,9,134950.19,3,0,0,178587.36
4656,843,0,38,8,134887.53,1,1,1,10804.04
6975,556,1,38,2,115463.16,1,1,0,150679.65
4350,840,0,36,6,0.0,2,1,0,141364.27
711,634,1,35,6,116269.01,1,1,0,129964.94
6478,850,1,35,9,102050.47,1,1,1,3769.71
9129,838,0,40,6,61671.19,1,0,1,150659.35
8204,724,0,34,3,132352.69,1,1,0,80320.3
9203,773,1,51,4,0.0,2,0,0,123587.83
712,632,1,38,1,120599.21,1,1,0,92816.86
9112,735,1,73,9,0.0,1,1,1,114283.33
1245,626,0,44,10,81553.93,1,1,0,20063.63
9785,455,0,27,5,155879.09,2,0,0,70774.97
6848,579,0,33,1,65667.79,2,0,0,164608.98
5133,479,1,37,6,118433.94,1,0,1,160060.9
715,786,1,34,9,0.0,2,1,0,144517.19
3463,600,1,43,8,133379.41,1,1,0,177378.66
4394,479,1,24,6,107637.97,2,0,1,169505.83
4568,584,1,32,8,40172.91,1,1,1,137439.34
8803,721,1,41,6,135071.12,1,1,1,64477.25
8489,522,0,41,7,0.0,2,0,1,176780.39
7701,677,0,29,3,86616.35,1,0,0,91903.9
212,620,0,41,9,0.0,2,0,0,88852.47
9767,554,1,33,3,117413.95,1,1,1,12766.74
6838,850,1,29,6,0.0,2,1,1,10672.54
1010,724,1,40,10,0.0,1,1,0,127847.25
323,763,0,31,4,0.0,2,0,0,50404.72
5396,591,1,42,9,161651.37,2,1,1,131753.97
5990,573,0,32,9,125321.84,2,1,1,130234.63
3172,665,1,32,1,132178.67,1,0,0,11865.76
334,626,0,37,6,108269.37,1,1,0,5597.94
8305,746,1,58,3,0.0,3,1,1,80344.96
2210,673,0,34,1,127122.79,3,0,1,76703.1
4271,465,1,33,5,0.0,2,0,1,78698.09
6740,670,0,40,2,147171.2,1,0,1,69850.04
233,767,1,20,3,119714.25,2,0,1,150135.38
5950,834,0,57,8,112281.6,3,1,0,140225.14
5737,682,0,35,2,117438.92,2,1,1,16910.98
7921,588,0,35,7,0.0,2,1,1,108739.15
2348,824,1,45,3,129209.48,1,0,0,60151.77
2036,782,1,34,6,147422.44,1,0,1,42143.61
7484,772,0,35,9,0.0,1,0,1,25448.31
6006,529,0,31,5,0.0,2,1,0,26817.23
4553,581,1,30,1,0.0,2,1,0,199464.08
8072,780,1,51,4,126725.25,1,1,0,195259.31
1458,465,1,25,2,78247.31,2,1,1,10472.31
3288,640,0,30,6,107499.7,1,1,1,187632.22
3064,506,1,35,6,110046.93,2,1,0,26318.73
9436,684,1,38,4,0.0,3,1,0,75609.84
774,636,1,49,6,113599.74,2,1,0,158887.09
6832,594,0,21,2,87096.82,2,1,0,168186.11
871,629,0,45,7,129818.39,3,1,0,9217.55
8749,683,1,47,1,0.0,2,1,0,148989.15
1263,638,0,42,7,165679.92,1,0,0,32916.29
4833,762,1,32,10,191775.65,1,1,0,179657.83
3894,595,1,37,2,157084.99,1,1,0,134767.13
6323,550,1,34,8,122359.5,1,0,0,116495.55
9212,673,0,37,10,0.0,2,1,1,37411.35
7019,637,1,36,2,152606.82,1,1,1,71692.8
1220,725,0,33,7,115182.84,2,1,1,177279.41
1446,637,1,33,2,145731.83,1,0,1,109219.43
3184,667,1,55,9,154393.43,1,1,1,137674.96
408,668,1,37,10,152958.29,2,1,1,159585.61
4344,528,0,26,10,102073.67,2,0,0,166799.93
3021,680,1,36,3,116275.12,1,1,1,63795.8
2303,714,1,45,0,124693.48,1,0,1,187194.15
6271,747,1,49,6,202904.64,1,1,1,17298.72
8280,706,1,53,7,0.0,2,0,1,117939.17
6641,611,0,33,7,0.0,2,1,1,3729.89
6955,738,1,35,8,127290.61,1,1,0,16081.62
2109,596,1,41,5,0.0,2,0,1,141053.85
5351,558,1,41,2,124227.14,1,1,1,111184.67
9683,606,1,32,6,0.0,2,0,1,36540.63
8343,849,0,49,9,132934.89,1,1,0,171056.65
4549,537,1,59,9,0.0,2,0,0,103799.77
1880,589,0,36,9,140355.56,2,1,0,136329.96
5945,716,0,40,3,0.0,2,0,1,167636.15
1737,769,1,39,9,0.0,1,1,1,47722.79
7793,585,1,56,4,138227.19,2,1,1,55287.84
5212,742,1,55,5,155196.17,1,0,1,121207.66
3208,607,1,36,8,143421.74,1,1,0,97879.02
7082,733,1,36,5,0.0,2,1,1,109127.54
2055,469,1,38,9,113599.42,1,0,0,11950.29
1688,601,0,41,1,0.0,2,0,1,160607.06
4779,613,1,40,1,147856.82,3,0,0,107961.11
7475,698,1,31,1,156111.24,1,0,0,134790.74
7876,623,1,45,0,0.0,1,1,0,196533.72
6749,684,0,24,9,79263.9,1,0,1,196574.48
8555,522,1,25,1,111432.13,1,1,1,168683.57
8122,564,0,53,2,45472.28,1,1,1,41055.71
6990,660,1,41,3,0.0,2,1,1,108665.89
8266,560,0,35,1,0.0,2,1,0,3701.63
8539,620,0,25,1,137712.01,1,1,1,76197.05
3392,623,1,33,8,96759.42,1,1,1,174777.98
6325,743,1,59,5,108585.35,1,1,1,192127.22
3528,692,1,28,5,61581.97,1,1,1,70179.91
4604,681,1,25,5,0.0,1,0,1,90860.97
7023,524,1,29,9,144287.6,2,1,0,32063.3
6321,590,1,47,0,117879.32,1,1,1,8214.46
745,606,1,40,5,0.0,2,1,1,70899.27
710,540,1,48,0,148116.48,1,0,0,116973.48
379,687,0,39,2,0.0,3,0,0,188150.6
8782,600,0,27,6,0.0,2,1,1,172031.22
3011,526,1,30,8,0.0,1,1,0,36251.0
8858,747,1,37,1,0.0,2,0,1,180551.76
7152,529,1,46,8,0.0,1,0,0,126511.94
8566,679,0,39,4,0.0,1,0,0,172939.3
3497,456,0,63,1,165350.61,2,0,0,140758.07
3889,418,0,39,2,0.0,2,0,0,9041.71
4484,645,0,37,1,0.0,2,1,1,68987.55
4011,694,1,33,4,124067.32,1,1,1,77906.87
2619,850,1,49,8,0.0,1,0,0,25867.67
6670,758,0,43,10,0.0,2,1,1,55313.44
6512,487,1,24,7,133628.09,2,1,1,98570.01
3467,538,0,42,1,98548.62,2,0,1,94047.75
1313,809,1,38,3,0.0,2,1,1,80061.31
8605,561,0,49,8,0.0,2,1,1,12513.07
2069,629,1,28,8,108601.0,1,1,1,119647.7
2982,526,0,43,3,0.0,2,1,0,31705.19
5914,754,1,27,7,117578.35,2,0,1,87908.01
9170,694,1,30,2,0.0,3,0,1,15039.41
1285,520,0,63,5,162278.32,1,1,1,34765.33
8990,784,1,28,2,109960.06,2,1,1,170829.87
8429,850,1,28,2,101100.22,2,1,1,35337.31
1349,575,1,43,3,0.0,1,1,0,83594.51
2611,566,1,42,3,108010.78,1,1,1,157486.1
9494,789,1,43,8,119654.44,2,0,1,148412.24
3668,666,0,44,2,122314.5,1,0,0,68574.88
2221,767,0,35,6,132253.22,1,1,0,115566.57
427,702,1,45,0,80793.58,1,1,1,27474.81
653,459,1,48,4,133994.52,1,1,1,19287.06
9913,718,0,44,1,133866.22,1,0,1,139049.24
3535,662,1,37,5,94901.09,1,1,1,48233.75
7736,649,0,41,3,130931.83,1,1,1,144808.37
3245,514,0,45,3,109032.23,1,0,1,155407.21
4740,535,1,30,6,103804.97,1,1,1,125710.53
9068,750,0,38,1,0.0,2,1,0,47764.99
4099,696,1,34,9,150856.79,1,0,1,8236.78
4100,635,0,37,9,146748.07,1,0,1,11407.58
6959,617,0,46,3,106521.49,1,0,1,86587.37
611,650,0,27,6,0.0,2,1,0,1002.39
4288,577,0,31,4,61211.18,1,1,1,145250.43
8570,755,0,28,7,124540.28,1,0,1,188850.89
9712,637,1,32,3,0.0,2,1,1,197827.06
1543,656,1,69,6,163975.09,1,1,1,36108.5
9535,850,1,41,8,132838.07,1,1,1,175347.28
3853,654,1,43,9,84673.17,2,0,1,82081.35
554,574,1,33,3,129834.67,1,1,0,193131.42
6365,743,0,48,5,118207.69,2,0,0,186489.14
511,632,0,38,6,86569.76,2,1,0,98090.91
3206,515,1,60,9,113715.36,1,1,0,18424.24
8084,608,1,28,4,96679.71,1,1,1,49133.45
967,637,0,34,9,0.0,2,0,0,26057.08
6043,629,1,31,6,0.0,2,1,0,93881.75
6879,665,1,25,7,90920.75,1,0,1,112256.57
6775,469,0,48,5,0.0,1,1,0,160529.71
3295,754,0,19,9,0.0,1,1,0,189641.11
8701,673,1,37,2,0.0,1,1,1,13624.02
3429,731,0,43,9,79120.27,1,0,0,548.52
8870,668,1,42,8,187534.79,1,1,1,32900.41
6962,677,0,26,3,102395.79,1,1,0,119368.99
2088,595,0,41,9,150463.11,2,0,1,81548.38
8499,498,1,35,2,121968.11,2,0,1,188343.05
6162,748,1,34,5,84009.47,1,1,1,137001.1
3210,606,0,53,1,109330.06,1,1,1,75860.01
9200,739,0,30,6,0.0,1,0,0,122604.44
6605,771,0,33,5,0.0,2,1,0,8673.43
1109,595,1,31,4,0.0,2,1,0,189995.86
5728,701,1,41,10,0.0,2,1,1,146257.77
7829,572,0,36,8,68348.18,2,0,1,50400.32
1038,523,1,30,1,83181.29,1,1,1,138176.78
1194,764,0,24,7,0.0,2,1,0,186105.99
4474,767,1,36,3,0.0,1,0,0,65147.27
9874,720,1,44,4,0.0,2,1,0,163471.01
2122,765,0,32,9,178095.55,1,0,0,47247.56
4982,615,1,30,7,0.0,2,1,1,156346.84
8973,582,1,33,2,122394.0,1,1,1,22113.93
5700,447,1,41,3,0.0,4,1,1,197490.39
934,592,1,37,9,0.0,3,1,1,10656.89
6101,833,1,32,6,0.0,1,1,1,44323.22
4689,771,1,45,0,139825.56,1,0,0,170984.97
394,594,0,24,0,97378.54,1,1,1,71405.17
4685,537,1,42,1,190569.23,1,0,1,127154.8
8776,567,1,44,9,0.0,2,1,0,87677.15
9165,663,0,46,2,141726.88,1,1,1,58257.23
5980,558,0,31,7,0.0,2,1,0,166720.28
9942,739,0,25,5,113113.12,1,1,0,129181.27
2191,525,0,47,6,118560.0,1,1,0,82522.61
1297,498,1,34,5,0.0,2,1,1,91711.66
5044,562,1,30,3,111099.79,2,0,0,140650.19
1162,615,0,30,9,0.0,1,1,0,87347.82
4254,590,0,27,8,123599.49,2,1,0,1676.92
6372,635,0,47,2,125724.95,2,1,0,63236.97
1527,661,1,35,8,124098.54,1,1,0,86678.48
4342,554,1,30,6,135370.12,1,1,1,179689.05
2030,624,0,28,2,0.0,2,0,1,104353.26
3060,569,0,43,7,0.0,2,1,1,77703.19
58,511,0,66,4,0.0,1,1,0,1643.11
2405,685,1,35,9,0.0,1,1,0,167033.83
5006,755,0,37,0,113865.23,2,1,1,117396.25
6157,549,1,29,3,0.0,2,1,0,146090.38
7375,639,1,77,6,80926.02,2,1,1,55829.25
4506,597,0,66,3,0.0,1,1,1,70532.53
5214,740,0,57,3,113386.36,2,1,1,65121.63
6029,659,0,44,9,23503.31,1,0,1,169862.01
1780,802,1,33,8,0.0,2,1,0,143706.18
5447,726,1,50,9,94504.35,1,0,1,5078.9
4606,797,0,55,10,0.0,4,1,1,49418.87
6914,702,1,40,7,145536.9,1,0,1,135334.24
676,593,0,38,4,88736.44,2,1,0,67020.03
3582,686,1,35,4,0.0,1,1,0,8816.37
3653,688,0,46,0,74458.25,1,0,1,6866.31
7920,714,1,34,5,141173.03,1,0,1,98896.06
9499,522,0,25,5,94049.92,2,1,0,103269.0
2732,623,0,48,1,108076.33,1,1,0,118855.26
4787,529,1,42,1,157498.9,1,1,1,82276.62
2754,682,1,42,0,0.0,1,1,1,160828.98
2337,701,0,35,9,0.0,2,0,0,170996.86
3643,679,1,45,3,146758.24,1,1,0,48466.89
7737,777,0,30,4,137851.31,1,1,0,5008.23
5516,592,1,37,3,96651.03,1,1,1,3232.82
5246,521,0,32,2,136555.01,2,1,1,129353.21
866,545,1,38,1,88293.13,2,1,1,24302.95
4447,666,0,50,7,109062.28,1,1,1,140136.1
5071,676,1,35,5,106836.67,2,1,0,84199.78
4881,579,1,31,6,0.0,2,1,0,26149.25
9510,617,0,26,2,165947.99,2,0,1,168834.38
3002,786,0,32,2,104336.43,2,0,0,59559.81
2225,701,1,38,3,125385.49,2,0,1,52044.66
9056,765,0,46,8,119492.88,2,0,1,166896.01
4826,794,1,24,10,146126.75,1,1,1,88992.05
7621,661,1,39,5,0.0,2,0,0,181461.46
9689,698,0,57,9,111359.55,2,1,0,105715.01
5500,681,1,47,9,97023.21,1,1,1,2168.13
9700,563,0,36,4,143680.47,2,1,1,63531.19
8478,639,1,66,0,0.0,2,0,1,42240.54
5502,614,0,40,3,113348.5,1,1,1,77789.01
1210,711,1,51,7,0.0,3,1,0,38409.79
9083,427,1,40,8,0.0,2,1,1,82870.75
2288,619,0,30,7,70729.17,1,1,1,160948.87
2183,713,1,38,9,72286.84,2,1,1,26136.89
2862,645,1,33,8,149564.61,1,0,0,149913.84
6861,605,1,41,5,103154.66,1,0,0,143203.78
2362,709,1,45,4,122917.71,1,1,1,11.58
8463,526,1,49,2,0.0,1,1,0,114539.67
6332,619,0,35,4,90413.12,1,1,1,20555.21
4064,626,1,39,10,132287.92,3,1,1,51467.92
9546,524,1,29,7,0.0,2,1,1,105448.74
617,612,0,62,8,140745.33,1,1,0,193437.89
3281,775,0,32,2,108698.96,2,1,1,161069.73
5226,481,1,39,1,111233.09,1,1,1,123995.15
3397,820,1,33,2,132150.26,2,1,0,23067.97
3065,503,1,42,8,104430.08,1,1,1,147557.71
766,700,0,82,2,0.0,2,0,1,182055.36
7078,763,1,67,1,149436.73,2,0,1,106282.74
5279,652,0,40,7,100471.34,1,1,1,124550.88
4149,623,0,39,1,160903.2,1,0,0,78774.36
1144,765,1,43,4,148962.76,1,0,1,173878.87
4248,573,1,26,8,86270.93,2,1,1,90177.3
4110,558,1,40,6,0.0,2,1,0,173844.89
462,509,0,25,3,108738.71,2,1,0,106920.57
2932,688,0,54,9,0.0,1,1,0,191212.63
4623,709,0,24,3,110949.41,1,1,1,168515.61
3813,703,1,73,5,137761.55,1,1,1,159677.46
6308,565,1,52,5,97720.35,2,1,0,175070.94
4341,647,0,35,3,166518.63,2,1,0,147930.46
5300,640,0,33,6,84719.13,2,1,1,113048.79
6804,692,0,30,7,0.0,2,1,1,18826.34
3282,584,0,39,2,112687.69,1,1,1,127749.61
2574,665,0,51,9,110610.41,2,0,1,1112.76
7961,809,0,38,2,154763.21,2,1,1,174800.31
7879,657,1,44,6,76495.04,1,1,0,79071.89
828,630,0,31,2,112373.49,2,1,1,131167.98
6486,710,1,40,5,0.0,2,0,0,162878.96
7599,537,0,45,7,158621.04,1,1,0,120892.96
2540,550,0,45,8,111257.59,1,0,0,97623.42
5746,836,0,41,7,150302.84,1,1,1,156036.19
8526,627,1,27,1,62092.9,1,1,1,105887.04
9566,644,1,37,6,117271.8,2,1,0,104217.96
3742,587,0,39,6,101851.8,2,1,0,7103.71
7498,630,0,36,8,126598.99,2,1,1,134407.93
3524,763,0,35,7,115651.6,2,1,1,104706.29
20,732,1,41,8,0.0,2,1,1,170886.17
1915,503,1,25,7,0.0,1,0,1,192841.13
6571,595,1,46,10,0.0,1,1,0,73489.15
9018,663,1,67,9,0.0,3,1,1,72318.77
2012,841,1,74,9,108131.53,1,0,1,60830.38
5405,531,0,64,2,175754.87,2,1,1,60721.4
1295,534,0,33,3,151233.62,1,0,0,199336.63
3745,776,0,37,1,93124.04,2,1,1,196079.32
591,700,1,38,8,134811.3,1,1,0,1299.75
1406,572,1,23,2,126873.52,1,0,1,67040.12
221,514,1,30,7,0.0,1,0,1,125010.24
5617,626,1,43,4,137638.69,1,1,0,130442.08
6248,590,1,47,3,0.0,2,1,0,171774.5
4418,682,0,47,10,134032.01,1,1,0,144290.97
858,456,1,32,9,147506.25,1,1,1,135399.21
1783,533,1,38,1,135289.33,2,0,1,152956.33
7259,625,1,32,7,106957.28,1,1,1,134794.02
6856,528,1,34,1,125566.9,1,1,1,176763.27
1954,624,1,51,5,174397.21,2,1,1,172372.63
1746,584,0,59,1,0.0,1,0,1,130260.11
3132,615,1,39,4,133707.09,1,1,1,108152.75
8036,555,1,21,1,0.0,2,0,0,103901.35
8850,500,0,50,5,0.0,4,1,1,83866.35
994,838,1,43,9,123105.88,2,1,0,145765.83
6108,507,1,41,3,58820.32,2,1,1,138536.09
730,591,1,24,6,147360.0,1,1,1,25310.82
6974,662,1,44,8,0.0,2,1,1,175314.87
6273,743,1,43,2,161807.18,2,0,1,93228.86
6751,604,0,53,2,121389.78,1,1,1,48201.64
3509,777,1,37,1,0.0,1,1,1,126837.72
3533,695,0,42,5,0.0,1,0,1,72172.13
2513,666,1,39,10,0.0,2,1,0,102999.33
5436,831,0,34,2,0.0,2,0,0,165840.94
3625,470,1,31,4,55732.92,2,1,1,103792.53
465,608,1,33,9,89968.69,1,1,0,68777.26
6755,812,1,38,3,127117.8,2,1,1,174822.74
6759,705,1,92,1,126076.24,2,1,1,34436.83
7991,427,0,39,9,0.0,2,1,0,28368.37
157,586,0,28,2,0.0,2,1,1,92067.35
3960,535,1,47,0,160729.1,1,0,1,145986.35
8832,753,1,35,4,0.0,2,1,1,106303.4
5470,617,1,25,1,102585.88,2,1,1,115387.4
185,514,1,32,8,0.0,2,1,0,95857.18
1002,725,1,39,1,50880.98,2,1,1,184023.54
9508,644,1,26,8,96659.64,2,1,1,138775.69
5623,586,1,42,6,0.0,2,1,1,123410.23
400,605,1,52,1,63349.75,1,1,0,108887.44
6240,558,1,27,1,152283.39,1,1,0,183271.15
8940,657,1,38,7,0.0,2,1,0,185827.74
9932,677,1,18,8,134796.87,2,1,1,114858.9
7342,502,1,30,4,0.0,2,1,1,66263.87
9832,595,0,64,2,105736.32,1,1,1,89935.73
8466,613,1,36,9,131307.11,1,0,0,83343.73
8756,705,0,37,3,109974.22,1,1,1,36320.87
7958,686,1,34,6,146178.13,2,1,1,88837.11
1250,548,1,32,5,175214.71,1,1,1,155165.61
3143,619,0,41,8,142015.76,2,1,0,114323.66
7430,606,0,35,0,135984.15,2,1,0,186778.89
59,614,1,51,4,40685.92,1,1,1,46775.28
7855,666,0,59,8,152614.51,2,1,1,188782.3
1113,731,0,21,8,132312.06,1,1,0,106663.46
3057,680,1,33,1,123082.08,1,1,0,134960.98
9569,710,0,30,10,0.0,2,1,0,19500.1
1328,593,0,62,3,118233.81,1,0,1,24765.53
4995,807,0,36,4,0.0,2,0,1,147007.33
6682,640,1,29,5,197200.04,2,1,0,141453.62
2072,743,1,36,4,0.0,2,1,1,190911.02
4793,788,0,41,6,0.0,1,1,1,25571.37
6829,735,1,43,9,127806.91,1,1,1,73069.59
9629,497,1,44,2,121250.04,1,0,1,79691.4
8218,516,0,40,9,0.0,2,0,1,33266.29
7567,629,1,44,5,0.0,4,0,0,117572.59
5922,555,0,44,3,105770.7,3,1,0,60533.96
1550,639,0,54,2,0.0,2,1,1,53843.71
1009,650,1,71,0,0.0,1,1,1,175380.77
3755,744,1,29,1,0.0,1,0,0,82422.97
8681,565,0,40,2,0.0,2,1,1,129956.13
9342,619,0,28,3,0.0,2,1,0,53394.12
8009,574,1,34,1,112572.39,1,0,0,165626.6
3860,720,0,34,6,110717.38,1,1,1,9398.45
3148,648,0,39,6,130694.89,2,1,1,153955.38
2519,612,0,62,0,167026.61,2,1,1,192892.05
3127,776,1,33,8,115130.34,1,0,0,129525.5
9084,686,0,47,6,0.0,1,1,0,32080.69
5316,654,1,40,5,105683.63,1,1,0,173617.09
1195,676,0,43,2,0.0,1,1,1,55119.53
9050,667,1,33,9,124573.33,2,0,0,683.37
879,518,0,45,9,105525.65,2,1,1,73418.29
6989,700,0,36,4,0.0,2,1,0,130789.15
2487,710,0,32,3,0.0,1,1,0,94790.34
2840,528,1,40,4,0.0,2,1,0,25399.7
4329,748,1,60,3,0.0,2,1,1,78194.37
2930,663,1,42,7,115930.87,1,1,0,19862.78
6424,743,1,43,5,0.0,2,0,0,113079.19
2485,753,0,38,6,142263.45,1,0,1,33730.43
5747,542,1,34,8,108653.93,1,0,1,144725.14
883,643,0,45,4,45144.43,1,1,0,60917.24
4914,734,0,47,10,91522.04,2,1,1,138835.91
6210,522,1,30,3,0.0,2,1,0,145490.85
9578,662,1,34,2,117731.79,2,0,1,55120.79
211,603,1,31,8,0.0,2,1,1,169915.02
2275,550,0,48,6,0.0,2,1,1,191870.28
2328,706,1,29,2,0.0,2,1,1,18255.51
4950,628,0,45,6,53667.44,1,1,0,115022.94
3319,430,1,35,1,118894.22,1,0,0,2923.61
9834,516,0,46,6,62212.29,1,0,1,171681.86
4607,653,1,51,3,0.0,1,1,0,170426.65
1438,504,1,56,9,104217.3,1,0,0,55857.48
467,816,0,38,5,130878.75,3,1,0,71905.77
5466,850,1,32,3,137714.25,1,0,1,159403.68
3329,850,0,43,3,0.0,2,0,0,2465.8
5828,709,0,37,8,0.0,3,1,0,71738.56
8607,602,1,38,2,71667.97,2,0,0,137111.89
696,445,1,62,1,64119.38,1,1,1,76569.64
7267,507,1,31,9,111589.67,1,1,0,150037.19
9144,818,1,43,10,105301.5,1,1,1,78941.59
8180,744,1,42,1,112419.92,1,1,1,83022.92
9938,526,0,36,5,91132.18,1,0,0,58111.71
1314,675,1,54,2,0.0,1,1,0,149583.67
2301,676,0,61,8,0.0,2,1,1,118522.73
2039,579,0,64,6,145215.43,1,1,1,164083.72
7108,806,0,37,2,137794.18,2,0,1,75232.02
3666,701,0,21,9,0.0,2,1,1,26327.42
914,569,1,35,10,124525.52,1,1,1,193793.78
12,476,0,34,10,0.0,2,1,0,26260.98
8583,591,0,38,2,142289.28,1,0,1,119638.85
6427,746,1,37,2,0.0,2,1,0,143194.05
1536,838,0,34,8,0.0,2,1,0,27472.07
736,816,1,67,6,151858.98,1,1,1,72814.31
8201,718,0,49,10,82321.88,1,0,1,11144.4
8652,774,0,43,1,110646.54,1,0,0,108804.28
453,590,0,44,3,139432.37,1,1,0,62222.81
4345,720,1,46,3,97042.6,1,1,1,133516.51
927,639,1,38,5,130170.82,1,1,1,149599.62
6291,563,1,24,7,0.0,2,0,0,16319.56
8281,567,1,40,8,28649.64,1,1,1,95140.62
8722,621,1,35,7,87619.29,1,1,0,143.34
6473,798,1,22,8,0.0,2,1,0,107615.43
37,804,1,33,7,76548.6,1,0,1,98453.45
5770,631,1,51,8,100654.8,1,1,0,171587.9
2554,756,1,30,2,145127.85,1,0,0,7554.68
7632,736,1,43,4,202443.47,1,1,0,72375.03
9998,772,1,42,3,75075.31,2,1,0,92888.52
6620,732,1,36,5,0.0,2,1,0,161428.25
940,710,1,35,1,106518.52,1,1,1,127951.81
7398,453,0,40,1,111524.49,1,1,1,120373.84
6128,819,1,35,1,0.0,2,0,1,3385.04
9829,584,1,38,1,115341.55,1,0,1,173632.92
2680,625,0,39,5,0.0,2,1,0,32615.21
4354,558,1,45,4,0.0,1,1,0,131807.14
3058,680,0,58,8,0.0,2,1,1,65708.5
7880,744,0,38,9,0.0,2,0,0,20940.76
738,725,1,46,6,0.0,2,1,0,161767.38
538,564,0,62,5,114931.35,3,0,1,18260.98
3325,527,0,32,7,0.0,2,1,1,44099.75
4239,636,0,39,3,118336.14,1,1,0,184691.77
1400,684,0,27,9,122550.05,2,0,1,137835.82
4046,650,1,37,9,0.0,2,1,0,17974.08
5137,698,0,51,6,144237.91,4,1,0,157143.61
4229,592,0,34,9,0.0,2,1,1,20460.2
4191,679,1,36,1,97234.58,1,1,0,188997.08
9142,494,0,35,9,112727.06,2,1,0,183752.91
5538,717,0,28,9,82498.14,2,0,0,40437.67
2692,751,1,31,8,0.0,2,0,0,17550.49
5340,680,1,42,0,0.0,1,1,0,136377.21
9917,635,1,53,8,117005.55,1,0,1,123646.57
7670,576,0,29,5,108541.04,1,1,1,126469.09
9173,673,1,43,8,127132.96,1,0,1,6009.27
1807,818,0,49,2,0.0,1,0,1,192298.84
5111,642,1,26,1,138023.79,2,0,1,117060.2
3989,666,1,30,7,109805.3,1,0,1,163625.56
3455,842,1,29,8,0.0,2,1,1,123437.05
2907,539,0,22,0,100885.93,2,1,1,38772.65
6651,600,1,46,10,95502.21,1,0,0,19842.18
8287,725,0,36,1,118851.05,1,1,1,102747.02
6244,670,0,20,4,0.0,2,1,0,119759.24
2697,723,1,48,7,0.0,2,1,1,150694.58
4016,480,1,40,6,148790.61,1,0,1,79329.7
4339,559,0,43,1,0.0,2,1,1,196645.87
4645,522,0,34,3,0.0,2,1,1,3894.34
7739,724,1,41,5,0.0,1,0,1,115753.94
7091,600,1,53,7,106261.63,1,1,0,93629.66
4692,602,1,30,9,113672.18,2,0,0,102135.92
1739,715,1,23,7,139224.92,2,1,0,65057.71
5406,516,0,47,6,109387.33,1,0,0,121365.45
4588,422,1,41,6,153238.88,1,1,0,11663.09
3125,736,0,26,4,135889.13,1,1,1,165692.03
2157,744,0,44,3,0.0,2,1,1,189016.14
5333,717,1,33,1,99106.73,1,0,0,194467.23
8636,601,1,46,2,99786.07,1,1,1,32683.88
1825,770,1,45,4,110765.68,1,1,0,26163.74
4230,670,0,41,10,0.0,3,1,0,81602.02
3487,671,0,31,7,41299.03,1,0,1,102681.32
9053,732,0,35,3,0.0,2,1,0,90876.95
9768,714,1,54,4,137986.58,2,0,1,51308.54
3647,729,1,67,2,94203.8,1,0,1,102391.06
5902,694,1,40,9,0.0,2,1,0,40463.03
6385,606,0,32,1,106301.85,2,0,1,59061.25
5638,729,0,38,7,0.0,2,0,0,45779.9
6423,652,1,41,8,115144.68,1,1,0,188905.43
7826,648,0,51,2,116574.84,1,1,0,4121.04
7743,777,1,35,7,122917.69,1,1,1,76169.68
3012,849,0,41,9,115465.28,1,1,0,103174.5
7671,405,1,39,10,0.0,1,1,0,160810.85
9548,569,1,43,7,0.0,2,1,0,52534.81
9977,683,0,32,9,0.0,2,1,1,24991.92
3080,468,1,28,3,0.0,2,1,0,170661.02
3520,554,0,43,10,0.0,2,1,0,149629.13
4978,540,1,35,7,127801.88,1,0,1,84239.46
7619,547,0,32,2,0.0,2,1,0,132002.83
4347,615,1,24,8,108528.07,2,0,0,179488.41
8440,663,0,33,8,96769.04,1,1,1,36864.05
1346,643,1,30,5,94443.77,1,1,1,165614.4
7087,675,0,35,8,155621.08,1,0,1,35177.31
8947,701,0,43,2,160416.56,1,0,1,37266.43
5651,521,0,61,0,125193.96,1,1,1,109356.53
8081,569,1,30,6,106629.49,1,0,1,44114.88
1791,702,0,35,8,14262.8,2,1,0,54689.16
7428,503,1,32,9,100262.88,2,1,1,157921.25
9579,821,1,45,0,135827.33,2,1,1,131778.58
9959,764,1,38,4,113607.47,1,1,0,91094.46
2270,538,0,38,8,88758.95,2,0,0,28226.15
9766,800,1,39,4,95252.72,1,1,0,13906.34
2955,577,0,46,1,0.0,1,1,1,158750.53
3443,597,0,46,4,0.0,2,1,0,58667.16
7735,543,1,41,6,143350.41,1,1,1,192070.16
833,634,1,37,3,111432.77,2,1,1,167032.49
6498,613,0,27,5,125167.74,1,1,0,199104.52
2991,584,1,49,8,172713.44,1,1,0,113860.81
7792,590,1,40,8,0.0,2,1,0,62933.03
2150,668,1,38,10,86977.96,1,0,1,37094.75
4022,680,1,44,0,129974.79,2,1,1,33391.38
7614,749,1,37,7,0.0,2,1,0,20306.79
6123,465,0,33,6,0.0,2,1,1,95500.98
3338,688,0,24,3,0.0,2,1,1,102195.16
4343,549,1,54,5,92877.33,1,1,0,2619.64
4463,850,0,70,1,96947.58,3,1,0,62282.99
2375,815,0,39,6,0.0,1,1,1,85167.88
9043,727,1,39,5,80615.46,2,0,0,180962.32
5570,569,1,35,2,109196.66,3,1,0,109393.19
8598,678,0,49,1,0.0,2,1,1,102472.9
8503,559,0,48,2,0.0,2,0,1,137961.41
8879,809,1,43,2,0.0,2,1,1,132908.07
1886,667,1,39,7,167557.12,1,1,1,41183.02
1197,590,0,34,6,0.0,2,1,0,171021.44
6426,743,1,45,7,157332.26,1,1,0,125424.42
8910,657,0,48,5,143595.87,1,0,0,101314.65
2935,687,1,35,8,100988.39,2,1,0,22247.27
6341,807,0,40,1,134590.21,1,1,1,46253.65
1429,601,0,26,8,78892.23,1,1,1,23703.52
6306,773,1,33,9,0.0,2,1,1,1118.31
3649,597,1,41,4,153198.23,1,1,1,92090.36
1937,701,1,30,3,156660.72,2,1,0,45742.42
5171,537,1,39,2,0.0,2,1,1,137651.6
7763,614,0,36,1,44054.84,1,1,1,73329.08
6392,611,0,28,3,96381.68,2,1,0,181419.29
1153,755,0,45,7,135643.0,1,0,0,143619.52
6249,705,0,48,0,0.0,2,0,0,149772.61
7036,540,1,37,3,129965.18,1,0,0,19374.08
4228,740,0,37,9,0.0,2,1,1,73225.31
4974,638,0,55,2,155828.22,1,0,1,108987.25
6400,676,0,30,5,0.0,2,0,0,179066.58
3639,680,0,48,8,115115.38,1,1,0,139558.6
3971,685,1,40,7,74896.92,1,1,0,198694.2
9593,738,0,67,1,130652.52,1,0,1,22762.23
3375,777,0,58,4,0.0,1,1,1,62449.07
2486,683,0,36,7,0.0,2,1,0,104786.59
6953,574,1,35,5,163856.76,1,1,1,15118.2
605,601,1,29,9,0.0,1,1,1,80393.27
7443,634,0,24,2,87413.19,1,1,0,63340.65
5927,577,0,43,3,127940.47,1,0,0,125140.72
2453,783,0,59,9,126224.87,1,1,1,4423.63
3608,677,0,36,7,0.0,1,1,0,47318.75
1483,850,1,36,1,104077.19,2,0,1,68594.0
4518,850,0,29,7,0.0,2,1,0,23237.25
3037,693,1,21,1,0.0,2,1,1,3494.02
9351,718,1,63,7,123204.88,1,1,1,100538.8
7691,568,0,38,3,132951.92,1,0,1,124486.28
4115,580,0,23,5,113923.81,2,0,0,196241.43
1426,591,0,39,4,150500.64,1,1,0,14928.8
496,622,0,32,6,169089.38,2,1,0,101057.95
3352,591,1,40,2,99886.42,2,1,1,88695.19
8793,537,1,66,8,103291.25,2,1,1,130664.79
758,633,0,37,9,156091.97,1,1,0,72008.61
837,686,0,56,5,111642.08,1,1,1,80553.87
4326,714,1,27,3,0.0,3,1,1,129130.09
2127,710,1,34,9,134260.36,2,1,0,147074.67
1022,547,0,48,1,179380.74,2,0,1,69263.1
8761,634,1,63,10,0.0,2,1,0,30772.86
5613,604,0,32,7,127849.38,1,1,0,15798.7
5580,616,1,30,2,0.0,2,1,0,199099.51
1057,581,0,47,1,122949.14,1,0,0,180251.68
9541,603,1,38,8,59360.77,1,1,1,191457.06
6855,622,1,41,2,127087.06,1,1,0,102402.91
7348,448,1,25,2,0.0,2,0,0,95215.73
9044,560,1,47,1,0.0,1,0,0,128882.66
2128,743,1,37,8,69143.91,2,0,1,105780.18
2766,705,1,30,1,0.0,1,1,1,181300.32
2108,593,1,74,5,161434.36,2,1,1,65532.17
3616,798,0,60,6,96956.1,1,1,0,31907.44
1544,520,1,43,7,0.0,2,1,1,36202.74
6913,564,0,36,7,206329.65,1,1,1,46632.87
1718,648,1,32,8,0.0,1,1,0,133653.38
7434,638,1,35,1,0.0,2,1,0,165370.66
7364,671,0,34,5,164757.56,1,1,0,110748.88
6234,540,1,37,6,0.0,2,1,0,141998.89
724,694,1,36,3,97530.25,1,1,1,117140.41
6672,827,0,35,0,0.0,2,0,1,184514.01
8028,763,1,37,8,0.0,2,1,1,933.38
5491,580,0,36,6,145387.32,2,1,1,169963.2
1127,549,0,45,3,143734.01,2,1,1,96404.38
2956,792,1,30,8,0.0,2,1,0,199644.2
5155,713,0,42,3,0.0,2,0,0,82565.01
4816,600,1,29,8,0.0,2,0,1,34747.43
6201,612,1,41,5,0.0,3,0,0,151256.22
6223,694,1,32,0,91956.49,1,1,1,59961.81
8685,772,1,43,6,0.0,2,1,1,57675.88
7113,733,0,24,3,161884.99,1,1,1,9617.24
5274,622,1,43,8,0.0,2,1,0,100618.17
8535,597,1,43,2,85162.26,1,0,1,5104.08
3043,636,0,38,1,0.0,1,1,0,45015.38
6911,705,0,54,3,125889.3,3,1,0,96013.5
149,416,1,32,0,0.0,2,0,1,878.87
7573,481,0,37,8,0.0,2,1,0,44215.86
4205,565,0,38,5,126645.13,1,1,1,168303.55
5492,712,1,35,7,124616.23,1,1,1,69320.97
2689,414,1,38,8,0.0,1,0,1,77661.12
4220,589,0,45,1,0.0,1,0,0,125939.22
9101,597,1,38,6,115702.67,2,1,1,25059.05
841,818,0,31,1,186796.37,1,0,0,178252.63
8136,716,0,38,1,0.0,2,1,1,99661.46
6437,623,0,37,4,140211.88,1,1,1,93832.33
9699,763,0,23,2,0.0,2,1,0,153983.99
6199,449,0,33,8,0.0,2,0,0,156792.89
2794,646,1,52,8,59669.43,1,0,0,172495.81
7625,598,1,19,3,150348.37,1,1,1,173784.04
8474,721,0,33,4,72535.45,1,1,1,103931.49
7889,600,1,57,9,138456.03,2,1,1,103548.25
6607,673,0,41,9,98612.1,1,1,0,151349.35
9194,613,1,40,7,124339.9,1,0,0,193309.58
8247,505,0,25,5,114268.85,2,1,1,126728.27
1392,794,1,45,8,88656.37,2,1,0,116547.31
1921,658,0,35,5,126397.66,1,0,0,156361.58
7018,805,1,50,9,130023.38,1,1,0,62989.82
3621,711,1,36,9,137688.71,1,1,1,46884.1
4848,635,1,42,1,146766.72,2,0,1,164357.1
2291,598,1,27,8,90721.52,2,1,0,109296.18
2133,688,0,32,6,123157.95,1,1,0,172531.23
550,721,0,36,3,65253.07,2,1,0,28737.78
1740,695,0,42,7,121453.63,1,0,0,46374.64
5289,613,1,19,5,0.0,1,1,1,176903.35
1817,628,0,36,3,91286.51,1,1,0,63085.94
4698,732,1,62,2,0.0,2,1,1,25438.87
5181,661,0,35,5,128415.45,1,1,0,142626.49
3018,588,0,27,8,0.0,1,1,0,20066.38
17,549,0,24,9,0.0,2,1,1,14406.41
1770,725,0,36,4,118520.26,1,0,0,131173.9
1888,429,1,60,7,0.0,2,1,1,163691.48
2152,745,0,55,9,110123.59,1,0,1,51548.14
1642,626,1,62,3,0.0,1,1,1,65010.74
7846,557,0,27,3,87739.08,1,1,1,123096.56
4193,550,1,45,0,0.0,2,0,1,70399.71
9432,458,0,28,2,171932.26,2,1,1,9578.24
8898,850,1,40,6,124788.18,1,1,0,65612.12
533,543,1,35,10,59408.63,1,1,0,76773.53
132,687,1,38,9,122570.87,1,1,1,35608.88
7722,684,1,18,9,90544.0,1,0,1,4777.23
8458,850,0,71,4,0.0,2,1,1,107236.87
964,683,0,43,4,115888.04,1,1,1,117349.19
8719,691,0,44,6,134066.1,2,1,1,197572.41
6412,602,0,53,5,98268.84,1,0,1,45038.29
8285,609,1,25,10,0.0,1,0,1,109895.16
7853,730,0,47,7,0.0,1,1,0,33373.26
1095,692,1,29,4,0.0,1,1,0,76755.99
6929,628,1,39,1,115341.19,1,1,1,107674.3
